age band,gender,baseline_mmet,MS1_TDR0.7_ebik0_eq0,MS1_TDR0.7_ebik0_eq1,MS1_TDR0.7_ebik1_eq0,MS1_TDR0.7_ebik1_eq1,MS1_TDR0.8_ebik0_eq0,MS1_TDR0.8_ebik0_eq1,MS1_TDR0.8_ebik1_eq0,MS1_TDR0.8_ebik1_eq1,MS1_TDR0.9_ebik0_eq0,MS1_TDR0.9_ebik0_eq1,MS1_TDR0.9_ebik1_eq0,MS1_TDR0.9_ebik1_eq1,MS1_TDR1_ebik0_eq0,MS1_TDR1_ebik0_eq1,MS1_TDR1_ebik1_eq0,MS1_TDR1_ebik1_eq1,MS16_TDR0.7_ebik0_eq0,MS16_TDR0.7_ebik0_eq1,MS16_TDR0.7_ebik1_eq0,MS16_TDR0.7_ebik1_eq1,MS16_TDR0.8_ebik0_eq0,MS16_TDR0.8_ebik0_eq1,MS16_TDR0.8_ebik1_eq0,MS16_TDR0.8_ebik1_eq1,MS16_TDR0.9_ebik0_eq0,MS16_TDR0.9_ebik0_eq1,MS16_TDR0.9_ebik1_eq0,MS16_TDR0.9_ebik1_eq1,MS16_TDR1_ebik0_eq0,MS16_TDR1_ebik0_eq1,MS16_TDR1_ebik1_eq0,MS16_TDR1_ebik1_eq1,MS2_TDR0.7_ebik0_eq0,MS2_TDR0.7_ebik0_eq1,MS2_TDR0.7_ebik1_eq0,MS2_TDR0.7_ebik1_eq1,MS2_TDR0.8_ebik0_eq0,MS2_TDR0.8_ebik0_eq1,MS2_TDR0.8_ebik1_eq0,MS2_TDR0.8_ebik1_eq1,MS2_TDR0.9_ebik0_eq0,MS2_TDR0.9_ebik0_eq1,MS2_TDR0.9_ebik1_eq0,MS2_TDR0.9_ebik1_eq1,MS2_TDR1_ebik0_eq0,MS2_TDR1_ebik0_eq1,MS2_TDR1_ebik1_eq0,MS2_TDR1_ebik1_eq1,MS32_TDR0.7_ebik0_eq0,MS32_TDR0.7_ebik0_eq1,MS32_TDR0.7_ebik1_eq0,MS32_TDR0.7_ebik1_eq1,MS32_TDR0.8_ebik0_eq0,MS32_TDR0.8_ebik0_eq1,MS32_TDR0.8_ebik1_eq0,MS32_TDR0.8_ebik1_eq1,MS32_TDR0.9_ebik0_eq0,MS32_TDR0.9_ebik0_eq1,MS32_TDR0.9_ebik1_eq0,MS32_TDR0.9_ebik1_eq1,MS32_TDR1_ebik0_eq0,MS32_TDR1_ebik0_eq1,MS32_TDR1_ebik1_eq0,MS32_TDR1_ebik1_eq1,MS4_TDR0.7_ebik0_eq0,MS4_TDR0.7_ebik0_eq1,MS4_TDR0.7_ebik1_eq0,MS4_TDR0.7_ebik1_eq1,MS4_TDR0.8_ebik0_eq0,MS4_TDR0.8_ebik0_eq1,MS4_TDR0.8_ebik1_eq0,MS4_TDR0.8_ebik1_eq1,MS4_TDR0.9_ebik0_eq0,MS4_TDR0.9_ebik0_eq1,MS4_TDR0.9_ebik1_eq0,MS4_TDR0.9_ebik1_eq1,MS4_TDR1_ebik0_eq0,MS4_TDR1_ebik0_eq1,MS4_TDR1_ebik1_eq0,MS4_TDR1_ebik1_eq1,MS64_TDR0.7_ebik0_eq0,MS64_TDR0.7_ebik0_eq1,MS64_TDR0.7_ebik1_eq0,MS64_TDR0.7_ebik1_eq1,MS64_TDR0.8_ebik0_eq0,MS64_TDR0.8_ebik0_eq1,MS64_TDR0.8_ebik1_eq0,MS64_TDR0.8_ebik1_eq1,MS64_TDR0.9_ebik0_eq0,MS64_TDR0.9_ebik0_eq1,MS64_TDR0.9_ebik1_eq0,MS64_TDR0.9_ebik1_eq1,MS64_TDR1_ebik0_eq0,MS64_TDR1_ebik0_eq1,MS64_TDR1_ebik1_eq0,MS64_TDR1_ebik1_eq1,MS8_TDR0.7_ebik0_eq0,MS8_TDR0.7_ebik0_eq1,MS8_TDR0.7_ebik1_eq0,MS8_TDR0.7_ebik1_eq1,MS8_TDR0.8_ebik0_eq0,MS8_TDR0.8_ebik0_eq1,MS8_TDR0.8_ebik1_eq0,MS8_TDR0.8_ebik1_eq1,MS8_TDR0.9_ebik0_eq0,MS8_TDR0.9_ebik0_eq1,MS8_TDR0.9_ebik1_eq0,MS8_TDR0.9_ebik1_eq1,MS8_TDR1_ebik0_eq0,MS8_TDR1_ebik0_eq1,MS8_TDR1_ebik1_eq0,MS8_TDR1_ebik1_eq1
All Ages,Both Gender,0,10780.45,10478.76,7501.75,5712.58,14814.95,13090.33,9785.33,9181.95,16588.71,16112.63,12928.79,13247.55,18247.41,18057.91,15812.36,15486.1,159795.05,181435,134429.32,140714.48,173835.22,202669.58,149729.78,158846.26,182569.47,211513.13,159231.64,170256.76,191671.2,222560.19,172080.97,182297.12,26566.38,30458.01,22802.89,22026.19,32445.69,34532.2,27015.35,26977.66,35255.09,39126.97,30859.47,29344.53,39335.52,41340.73,33927.73,32437.47,224799.84,253678.22,179904.22,196145.97,242865.23,279632.42,207695.99,223428.12,249375.35,289334.19,216346.03,234148.34,261854.85,304341.56,234718.33,250354.51,56029.68,68436.56,48960.49,50010.84,60701.91,72916.49,58567.2,57055.82,66994.41,77818.87,65046.94,62941.75,71657.97,83662.85,69370.32,67997.13,280418.64,314551.21,228351.88,243145.89,299448.31,341527.47,256080.68,267410.77,313917.01,355878.93,272300.69,291398.07,326449.17,368421.86,290961.95,306820.98,100641.37,121008.94,86395.06,92550.31,106946.41,134000.02,95431.62,107114.23,116407.13,139967.16,105026.05,115613.49,119624.41,145665.43,111589.55,121260.7
20 - 29,Male,0,478.23,13.28,88.56,-28.78,526.94,228.04,318.82,88.56,526.94,278.97,473.8,210.33,845.75,358.67,473.8,232.47,4640.58,2847.23,3595.56,2183.02,5010.32,3241.32,3940.95,2612.54,5512.9,3526.93,4288.55,3166.04,6148.32,3998.51,4726.93,3219.18,998.52,208.12,507.01,146.13,1164.57,431.73,673.06,225.83,1277.49,600,960.88,305.53,1496.68,723.98,1093.72,602.21,6108.47,4118.07,4352.76,3447.22,6914.37,4640.58,4926.19,4153.49,7031.72,4866.41,5517.33,4545.38,7335.04,5470.83,6053.12,4994.82,1946.12,761.62,1133.58,602.21,2240.58,898.89,1571.95,706.27,2118.81,1122.51,1587.45,938.74,2559.4,1166.79,1822.14,1093.72,7529.87,5484.12,5134.3,4286.34,8211.79,6039.84,5858.29,5154.23,8284.85,6473.78,6664.19,5727.66,8895.92,6695.19,6834.67,6055.33,3500.36,1594.09,2326.93,1135.79,3611.06,1720.29,2625.82,1591.88,4390.39,1985.97,3053.13,1647.23,4645.01,2085.6,3336.52,1870.84
20 - 29,Female,0,26.88,58.88,-3.84,16.21,52.48,64.86,28.16,42.24,49.07,91.31,40.96,57.18,66.56,70.4,66.99,71.69,665.22,930.63,555.56,617.86,713.01,1007.43,684.85,809.87,727.94,1039.43,717.28,867.9,814.14,1234.86,753.55,987.38,101.98,133.13,85.34,96.01,146.36,183.05,99.42,143.37,146.78,206.95,127.16,160.44,122.04,189.03,130.14,179.64,815.42,1215.23,785.55,891.37,883.69,1409.81,936.6,1110.69,968.17,1426.87,1018.53,1213.53,1036.02,1581.76,1116.24,1245.95,241.51,289.73,133.98,185.61,256.87,392.99,178.36,224.87,311.06,393.84,243.22,292.29,311.06,395.97,236.39,325.57,1041.99,1527.15,1092.77,1160.62,1157.2,1683.32,1269.85,1321.05,1185.79,1895.39,1405.54,1481.92,1372.26,1999.5,1559.58,1624.43,359.71,569.64,322.58,433.52,407.5,654.55,359.71,486.86,458.27,684.42,430.54,567.93,517.58,750.99,502.65,619.14
30 - 39,Male,0,136.12,-225.9,-110.06,-289.62,556.07,-57.92,211.42,-55.03,697.99,182.46,561.86,194.05,944.16,370.71,686.4,376.51,9606.73,5641.82,6730.79,4984.38,10490.07,6035.7,7640.2,5699.74,10773.9,6557.02,8480.1,5656.3,11411.07,6837.95,8894.26,6218.16,973.13,2.9,1184.55,-49.24,1477.07,312.79,1274.33,217.22,1453.9,541.59,1616.09,385.2,2044.72,547.38,1940.46,640.06,11040.35,7886.38,8123.87,6704.73,11729.65,8491.69,9259.18,7617.03,12613,9264.98,9774.71,8656.77,13872.85,9632.8,10857.89,8833.44,3817.21,1523.41,2482.05,1135.31,4231.36,1668.22,3064.19,1398.87,4523.88,1888.33,3675.29,1676.91,4796.12,2172.16,4028.63,1862.26,13151.69,9881.87,9473.5,8239.72,14382.58,10394.5,10707.29,9288.15,15263.03,10698.6,11999,10330.78,15277.51,11642.77,12644.85,11153.31,6119.69,3180.04,4642.62,2600.8,6919.05,3892.51,5413.02,3203.21,7217.36,4324.04,6015.43,3628.95,7698.13,4758.47,6177.62,3967.81
30 - 39,Female,0,-30.5,88.1,10.84,6.78,-3.39,166.04,34.56,79.29,22.36,151.13,71.16,117.24,46.76,202.63,79.29,156.55,986.06,1671.21,1157.52,1316.78,1189.37,1979.57,1400.13,1605.48,1368.96,2137.47,1499.08,1709.84,1413.69,2209.31,1507.89,1858.26,70.48,250.07,92.17,161.29,96.23,275.15,157.9,195.86,151.81,315.13,203.31,254.82,199.92,384.93,203.99,295.48,1713.23,2690.48,1631.91,1963.98,1967.37,2714.2,1940.26,2338.07,2176.78,3114.04,2099.52,2556.97,2193.72,3455.6,2328.58,2558.33,265.66,579.44,272.44,414.75,323.94,686.51,372.74,526.57,393.74,729.21,405.27,615.35,483.2,885.76,503.53,638.4,2247.94,3251.62,2214.05,2607.8,2560.36,3694.15,2603.05,2923.61,2827.37,3969.3,2815.85,3187.23,2975.11,4173.97,3143.18,3442.73,528.61,991.48,691.26,786.13,617.39,1147.35,760.38,927.77,694.64,1180.56,805.79,1046.37,780.04,1319.49,967.08,1053.83
40 - 49,Male,0,1587.59,302.81,1215.56,272.53,2331.63,467.19,1453.48,562.36,2513.32,912.75,1907.7,830.56,2772.87,1016.57,2279.72,1025.23,22939.96,14963.1,17363.94,12627.14,23731.59,16044.56,18549.22,13898.94,25634.96,17104.39,19816.7,15473.55,25859.9,17787.87,21910.4,15875.85,4438.32,1514.05,4217.7,1509.72,5039.61,2020.17,4061.97,1747.64,5653.88,2262.42,5186.69,1747.64,6250.85,2608.48,5450.56,2011.52,27992.54,20296.86,20772.71,18255.07,30358.78,22152.65,23934.9,19600.4,31024.96,23100.01,25583.05,20565.07,32037.21,24449.68,27624.85,21823.89,8543.54,4853.6,7172.25,3828.37,9274.61,5645.23,8387.81,4459.95,10399.33,5519.78,8924.22,5286.18,11117.42,6402.25,9923.49,5675.51,31513.78,25293.22,24263.66,21927.71,33927.6,27192.26,27006.25,23632.09,35225.36,26638.55,27854.12,25371.08,36791.31,28589.51,29818.05,26556.36,16317.09,9309.22,12025.85,7898.99,16511.75,9607.7,14253.66,9244.33,18008.49,10598.32,14591.07,9378.43,18999.11,10719.44,15720.12,9754.78
40 - 49,Female,0,170.86,366.12,-1.36,230.52,231.88,439.35,44.75,294.26,261.71,437.99,116.62,315.95,355.28,562.75,142.38,382.4,3775.15,4950.82,3330.38,3997.54,4118.23,5494.58,3643.62,4497.91,4259.25,6050.55,3963.64,4720.3,4341.97,5990.89,4316.2,5156.94,579.02,800.05,400.03,569.53,668.52,1007.52,511.22,721.4,779.71,943.79,615.63,800.05,770.22,985.82,623.77,858.36,5067.44,7237.07,4777.25,5289.82,5467.46,7708.96,5410.51,6130.56,5451.19,8232.38,5912.24,6373.28,6171.24,8376.12,6323.11,7336.06,1327.54,1714.01,996.67,1425.17,1613.66,1962.16,1185.16,1616.37,1524.16,1986.57,1290.93,1719.43,1711.29,2252.35,1418.39,1836.05,6584.82,8879.2,6336.67,6881.79,7033.66,9649.42,7367.24,7670.99,7448.61,9749.77,7494.71,8007.28,7342.84,10298.95,8251.37,8645.97,2504.56,3240.88,1815.71,2435.41,2891.03,3653.11,2092.34,2782.55,2920.86,3794.14,2214.38,3080.87,3000.87,3992.12,2435.41,3269.36
50 - 59,Male,0,3994.87,336.3,1752.85,-601.27,5197.41,703.18,2343.93,163.06,5808.87,1864.95,3577.04,1161.77,6940.07,1803.81,4494.23,1966.86,38705.4,25273.67,32988.25,21268.61,43464.6,28432.88,36096.51,25100.42,45614.9,31051.96,37451.91,27902.95,48223.79,31795.91,42802.18,29441.79,6777.01,3016.53,5615.24,2160.49,9284,4137.54,7979.55,3648.38,11312.01,5238.17,8968.08,3301.88,11526.02,5421.61,9457.24,4799.96,54725.65,38929.6,38674.83,33049.4,59230.07,42873.52,46012.35,38420.05,61686.1,45696.43,47082.4,39734.69,63826.21,47612.33,51209.75,44127.01,15989.67,8641.96,13472.5,6491.66,17824.05,9752.78,16509.41,8050.89,20361.61,10955.32,17742.52,9508.2,21492.81,12769.32,18313.22,10486.53,64030.03,47805.96,47337.18,42109.19,69370.11,50720.59,51128.23,43607.27,72029.96,51933.31,57579.13,47459.47,76544.57,54909.09,58221.16,51933.31,26231.62,16122.16,20606.19,13920.9,27974.28,20341.23,23653.3,17416.41,29981.91,20127.22,26659.65,18669.9,32386.98,21604.91,27148.81,19648.24
50 - 59,Female,0,228.57,390.48,196.83,225.4,349.21,484.13,247.62,384.13,311.11,519.05,388.89,428.58,355.56,680.96,401.59,506.35,3766.71,5333.39,3709.56,4365.13,4096.87,5979.43,4349.25,4660.37,4084.17,6638.17,4439.73,5300.06,4344.49,6842.93,4663.54,5584.19,476.2,1192.08,561.91,882.55,496.83,1301.6,776.2,1149.22,639.69,1303.19,755.56,1212.71,709.53,1466.68,871.44,1196.84,5087.36,6938.17,5341.33,5806.41,5655.62,7779.45,5677.84,6073.08,6092.13,8446.12,6244.51,6798.49,6536.58,8828.67,6582.61,7220.71,1122.23,2269.87,1304.78,1523.83,1182.55,2342.88,1246.05,1733.35,1296.84,2347.64,1396.84,1879.39,1458.75,2479.39,1650.81,2133.36,6595.31,9493.75,6781.03,7387.38,7468.33,10323.92,7288.97,8036.59,7742.94,10593.76,8035.01,8606.44,7808.02,11190.6,8546.12,9246.13,1979.39,3830.2,2504.79,2828.6,2293.68,4168.3,2641.3,3211.15,2139.71,4236.55,3011.14,3550.83,2501.61,4390.52,3054,3576.23
60 - 64,Male,0,309.26,792.47,9.66,309.26,1082.39,1063.07,550.86,802.13,1633.26,995.42,947.09,1140.38,1894.19,1401.31,976.09,1092.06,14399.71,16989.72,12060.96,13819.85,15617.4,19289.81,14921.57,15201.84,16622.48,19744.03,15356.46,15482.1,17927.15,22044.11,16129.6,18159.09,2280.76,2425.72,1990.83,1913.52,2870.28,2870.28,1855.53,2329.08,2995.91,3827.04,2464.38,3334.16,3798.04,3894.69,2850.95,2947.59,20652.46,23889.98,17463.27,17540.58,23745.02,25358.94,20169.25,21251.65,22536.99,27098.51,20555.82,21473.92,24759.76,26344.7,21986.13,24160.58,5701.9,6088.47,4078.31,4996.41,5750.22,6629.66,5324.99,5643.91,5972.5,7431.79,6127.12,6262.42,6958.25,8533.52,6214.1,7219.18,26992.2,31833.98,23822.33,21908.81,29591.88,32984.02,25851.82,25977.46,30394.01,32781.07,26431.67,26934.21,31795.32,34617.28,29427.59,29794.83,8765.46,12089.95,9123.03,9432.29,8842.77,12921.08,9354.98,10930.25,9364.64,14167.76,10698.3,11916,10137.78,14699.3,10649.98,12524.84
60 - 64,Female,0,207.37,1082.47,389.86,821.19,70.51,1115.65,402.3,987.08,190.78,1376.94,452.07,1194.45,215.67,1488.92,472.8,1219.34,2314.25,8941.81,3035.9,6926.17,2521.62,9887.41,3512.85,7228.93,2604.57,10231.65,3628.98,7705.88,2471.85,11003.07,4143.26,8012.79,286.17,2417.94,758.98,1741.91,472.8,2587.98,684.32,1787.53,638.7,2534.06,862.66,1953.43,497.69,2840.97,1024.41,1679.7,4056.16,12276.32,4317.45,8701.26,4616.06,13267.55,5043.24,9646.86,4582.88,12541.75,5080.57,9999.39,5549.23,14084.59,5764.89,11065.28,671.88,3371.84,1148.83,2737.29,547.46,3852.94,1310.58,3019.31,638.7,3931.74,1372.79,3326.22,750.68,4217.91,1435,3500.41,6154.75,13524.69,6880.54,9767.14,6739.53,14698.4,7635.37,10812.28,7398.97,14988.72,8108.18,11131.64,7651.96,16174.88,8713.7,12890.13,1352.05,5698.53,1741.91,4379.66,1712.88,6457.51,1907.81,4640.95,1679.7,6743.68,2140.06,5292.09,1435,6876.4,2376.46,5312.83
65 - 69,Male,0,-119.1,178.65,267.98,-22.33,74.44,186.1,379.64,0,208.43,506.19,558.29,357.31,357.31,454.08,632.73,521.07,8366.96,11954.93,8657.27,9424,9461.22,13086.4,9468.66,10600.14,10160.94,14962.27,10004.62,11270.09,11247.76,15349.35,10347.04,12505.78,1131.48,2091.74,1049.59,1414.34,1436.68,2039.63,1302.69,1816.32,1548.33,2910.57,2017.3,2143.85,1868.42,2493.71,2158.74,2188.51,16279.84,18565.13,12654.66,13220.39,16614.82,19532.83,13711.69,15245.14,17813.29,19994.36,14418.86,15691.77,17403.87,21706.46,15989.53,16920.02,2352.28,4064.38,2456.49,2434.16,3037.12,4176.04,3014.79,3126.44,2828.69,4667.34,3215.77,3535.86,3119,5329.84,3915.5,4056.93,20790.86,21870.22,16406.39,16771.14,21014.17,22562.51,17299.66,18297.14,22428.52,24996.67,19905.03,21215.16,24803.13,26612,20694.09,20917.4,5300.07,7548.13,5166.08,5314.96,5076.75,8173.42,5396.84,6505.98,6118.9,8821.04,6319.88,7108.94,6513.43,8649.83,7004.72,7443.92
65 - 69,Female,0,136.77,490.96,196.39,375.24,185.87,711.9,196.39,599.68,185.87,624.23,213.92,504.99,108.71,757.49,266.52,697.87,1827.09,6645.56,1883.2,4727.29,2325.07,7371.48,2240.9,5239.29,2076.08,7869.46,2665.24,5660.12,2531.97,7897.52,3212.31,6168.62,298.09,1280.01,210.41,876.72,312.11,1679.8,333.15,1031.03,413.81,1595.64,417.32,1122.2,389.26,1788.51,399.79,1199.36,3489.36,9093.37,3443.77,5912.62,3454.29,9594.85,4369.59,6628.02,3815.5,10282.2,4474.79,7452.14,3906.68,10440.01,4509.86,7659.05,715.41,3008.91,501.49,1995.42,739.95,2991.38,543.57,1988.41,571.62,3086.06,547.07,2093.61,736.45,2903.71,817.11,2205.83,4509.86,11327.26,5284.88,7396.03,5330.47,12154.88,5211.24,8721.64,5106.03,12673.9,5975.74,8528.76,5456.72,13021.08,6186.15,9679.02,876.72,4474.79,1174.81,2844.09,985.44,5123.57,1465.88,3650.67,1164.29,5404.12,1613.17,3808.48,1237.93,5323.46,1557.06,4166.19
70 - 74,Male,0,1308.6,1279.3,1142.58,527.35,1328.13,966.8,800.78,976.57,1464.85,1474.62,917.97,1015.63,839.85,1367.19,1259.77,1044.93,11894.58,13046.93,9951.21,10273.48,12851.62,13945.37,11377,12529.35,14052.79,14658.27,12714.9,12929.74,14775.45,17529.37,12822.32,12597.71,2578.14,3105.48,2099.62,1787.12,2460.95,3017.59,2285.17,2851.57,2558.6,3349.62,2558.6,2773.45,2939.47,4121.11,2412.12,2919.93,17236.4,18779.38,14160.22,13925.84,18779.38,20879,15293.03,15293.03,19511.8,22353.61,16582.1,17236.4,19980.55,23007.91,18525.47,17587.97,3505.87,6757.84,4794.94,5078.15,3496.11,6445.34,5175.8,6279.32,4589.86,7148.47,6025.42,5390.65,4472.68,6650.42,6962.92,5878.93,21943.45,23007.91,17968.83,17265.7,24404.4,26015.74,20664.15,19853.6,24912.22,27177.85,21308.69,21728.61,25566.52,28173.95,23046.97,22392.67,6904.33,9453.17,7783.24,7509.8,6660.18,9521.53,7988.32,8242.22,8535.19,10429.73,8232.46,7753.94,8310.58,11699.27,8320.35,9199.26
70 - 74,Female,0,-96.03,1344.45,312.1,948.31,-90.03,1512.5,276.09,1050.35,-114.04,1404.47,378.13,1146.38,-48.02,1560.52,444.15,1242.41,2586.86,9591.18,3199.06,6236.07,2484.82,9975.31,3469.15,6806.26,3091.02,9627.19,3535.17,7670.54,2970.98,10599.51,3961.31,8330.76,24.01,2490.83,492.16,1656.55,42.01,2466.82,480.16,1974.65,0,2526.84,738.24,2046.68,138.05,2484.82,636.21,2436.81,4501.49,12154.03,5041.67,9651.2,5035.67,13606.51,5701.89,9579.18,4903.63,12910.28,6494.15,10779.57,5635.87,14242.72,6770.24,10131.36,492.16,3397.13,876.29,2400.8,288.1,3793.26,978.32,2802.93,372.12,4045.34,1134.38,2778.92,396.13,3979.32,1266.42,3049.01,6296.09,15389.1,6770.24,10809.58,7568.51,17057.65,7616.52,13180.37,7934.63,18768.22,8396.78,14008.64,7118.36,18558.15,8624.86,14098.67,1476.49,6314.09,1986.66,4213.4,1758.58,6986.32,1830.61,4627.53,1230.41,7310.42,1926.64,5527.83,1308.43,7388.45,2820.94,5593.85
75 - 79,Male,0,610.64,742.35,359.2,359.2,383.15,1173.38,443.01,299.33,454.99,1041.68,646.56,682.48,454.99,1029.7,754.32,1149.44,11769.76,11135.18,7375.56,8716.57,13302.35,11973.31,7615.02,8333.42,12548.03,12691.71,8848.27,9159.58,13350.24,11985.28,9051.82,10105.47,1329.04,1975.6,1604.42,1329.04,1688.24,2131.25,1676.26,1305.09,1269.17,2837.67,1317.06,2143.22,1688.24,2753.86,1927.7,1772.05,14367.97,15433.59,10081.53,11602.14,15110.32,17756.42,12464.21,13829.17,14595.46,18043.78,12907.23,14164.42,16762.63,20103.18,14020.74,16283.7,2981.35,5040.76,3292.66,3029.25,3041.22,5016.82,3639.89,3484.23,3424.37,5783.11,4250.52,4262.5,3651.86,5591.53,3651.86,4585.78,18379.03,19875.69,13302.35,14966.64,18618.49,23012.7,15816.74,16523.17,20474.36,23324,16187.91,16080.15,21599.85,23324,17241.56,18307.19,6333.88,7495.29,4645.64,5579.56,7351.61,8201.72,5304.18,6705.05,7806.6,7531.21,5687.32,6729,7255.82,9422.99,6740.97,7219.9
75 - 79,Female,0,283.68,1515.93,265.95,824.45,319.14,1746.42,319.14,992.89,257.09,1790.75,523.04,1586.85,203.9,2544.28,531.91,1657.77,3953.83,11444.84,3404.2,8847.37,4370.49,13678.85,4308.44,9317.22,4778.29,12597.31,4308.44,9529.98,4937.86,13820.69,4202.06,9627.5,549.64,2535.42,567.37,1870.54,647.15,2819.1,753.53,2171.95,549.64,3226.9,700.34,2038.97,629.42,2978.67,788.99,2482.23,6622.23,16143.35,6498.12,11373.92,6994.56,17916.37,7819.02,13439.49,7464.41,18333.03,7393.49,13758.63,6817.26,19937.61,8661.2,13678.85,1480.47,4272.98,1028.35,2907.75,1693.23,5008.78,1436.15,3076.19,1950.32,5389.98,1267.71,3537.17,1808.48,5452.04,1391.82,3333.28,8811.91,19822.36,7863.34,14769.26,9725.01,21648.57,9388.14,15930.58,8696.66,23244.29,9946.64,17632.68,10159.4,24228.32,11152.29,18492.6,1826.21,8014.05,2012.38,5904.16,2304.93,8581.42,2101.03,6063.73,3085.05,8962.62,2207.41,6737.48,1985.78,8900.56,3031.86,6781.8
80 - 84,Male,0,818.58,861.67,746.78,502.64,1292.5,1148.89,962.19,789.86,990.92,1378.66,646.25,847.3,1364.3,1306.86,1364.3,1393.03,12565.95,12092.04,9980.96,9837.35,12968.07,14088.23,9980.96,10871.35,13958.98,14705.76,11158.57,11115.48,13671.76,15423.81,10914.43,11790.46,2240.33,1708.97,703.69,1378.66,2355.22,1852.58,1206.33,947.83,2541.91,2039.27,732.42,1436.11,2369.58,2082.36,1163.25,1579.72,15711.03,15395.09,11546.32,11402.71,16026.98,18224.22,13686.12,12752.65,16429.09,16845.56,12609.04,14791.92,19933.19,18238.59,13686.12,13944.62,3992.38,4983.3,2513.19,3662.08,3417.94,5629.55,2972.75,4064.19,4150.36,4552.47,4207.8,4035.47,3848.77,6060.38,3877.49,4380.13,19416.19,19631.61,13542.51,15696.67,18224.22,22704.88,16644.5,17175.86,21340.58,24973.94,17807.75,18726.86,19559.81,22905.94,19602.89,18425.28,7352.88,7956.04,6060.38,6132.19,7453.41,8860.79,6318.88,6448.13,7970.41,8530.49,7036.93,7123.1,8042.21,8257.63,6965.13,7410.32
80 - 84,Female,0,728.06,860.44,661.87,1235.5,926.62,970.75,772.19,1125.19,1125.19,1081.06,507.44,1456.12,529.5,1081.06,485.37,750.12,5030.25,17980.94,5449.44,10545.87,5118.5,21157.94,6530.5,13833.19,4699.31,20319.56,6354,14936.31,5228.81,20209.25,7721.87,16657.19,1434.06,3309.37,661.87,2581.31,1787.06,3397.62,904.56,2713.69,1323.75,2868.12,617.75,2184.19,1897.37,3574.12,794.25,2647.5,9332.44,22636.12,10237,17407.31,10281.12,25724.87,11340.12,20319.56,10678.25,26783.87,12597.69,18356,8096.94,26828,12708,20782.87,882.5,6817.31,1301.69,5162.62,1742.94,6023.06,1654.69,4853.75,1566.44,6839.37,1632.62,5802.44,1985.62,6420.19,1941.5,5736.25,14428.87,26651.5,13877.31,19194.37,14120,28990.12,16723.37,19304.69,15223.12,30997.81,14384.75,25239.5,15730.56,31306.68,17252.87,23165.62,2912.25,13127.19,1765,9200.06,3574.12,13987.62,1963.56,10435.56,3640.31,15134.87,2382.75,12046.12,2868.12,14826,2779.87,11847.56
