FileName,MS,TDR,ebike,equity,carMiles,carMilesR,carMiles.pers,carMilesR.pers,carMilesCycled,milesCycled.pers,milesCycled.male,milesCycled.female,milesCycled.white,milesCycled.nonwhite,milesCycled.caraccess,milesCycled.noncaraccess,CO2.Tm,CO2R.perc,CO2.pers,TripDisIncSW,TripTotalTime1,timeSaved.Total.h,timeSavedCyclists.perc,nocarTrips.people.perc,nocar.males.perc,nocar.females.perc,nocar.white.perc,nocar.nonwhite.perc,nocar.caraccess,nocar.noncaraccess,nopeople,nocyclists,newcyclists,cyclist.potential,cyclists.perc,cyclists.incr,cyclist.male.perc,cyclist.female.perc,cyclist.white.perc,cyclist.nonwhite.perc,cyclist.caraccess.perc,cyclist.noncaraccess.perc,cyclist.nssec1.perc,cyclist.nssec2.perc,cyclist.nssec3.perc,cyclist.nssec4.perc,cyclist.nssec5.perc,trips.bike.perc,trips.nssec1.perc,trips.nssec2.perc,trips.nssec3.perc,trips.nssec4.perc,trips.nssec5.perc,trips.age20.39.perc,trips.age40.59.perc,trips.age60plus.perc,nopeopleWithTrips,People.with.NoTrips,MMETH.Mean,MMET.Greater.Than.8.75,MMET.Greater.Than.17.5,YLL.Reduction.20.39.Males,YLL.Reduction.20.39.Females,YLL.Reduction.20.39.All,YLL.Reduction.40.59.Males,YLL.Reduction.40.59.Females,YLL.Reduction.40.59.All,YLL.Reduction.60p.Males,YLL.Reduction.60p.Females,YLL.Reduction.60p.All,YLL.Reduction.All,YLL.20.39.Males,YLL.20.39.Females,YLL.20.39.All,YLL.40.59.Males,YLL.40.59.Females,YLL.40.59.All,YLL.60p.Males,YLL.60p.Females,YLL.60p.All,YLL.All
baseline.csv,0,1,0,0,1643074.63,0,109.1,0,0,1.02,1.7,0.39,1.07,0.5,1.01,1.05,396.8,0,0.026335701,2047965,6315331,0,NaN,13.6,14.6,12.7,11.9,29,5.8,47.3,14502,713,0,0,4.7,0,6.9,2.8,4.9,3,4.6,5.1,5.7,3.6,4.4,3.7,5.9,1.8,1.8,1.3,2.1,1.7,2.9,2.4,1.9,1,14502,565,14.05,45.21,28.06,0.00,0.00,0.00,0.00,0.00,0.00,0.00,0.00,0.00,0.00,0,0,0,0,0,0,0,0,0,0
IIyear.MS1_TDR0.7_ebik0_eq0.csv,1,0.7,0,0,1142616.47,500458.16,75.8,33.2,7535.8,1.31,2.17,0.53,1.35,0.92,1.37,1.04,275.94,30.5,0.018314197,1433575,4463294.2,30867.3,88.8,13.6,14.7,12.7,12,29.2,5.8,47.5,14502,1348,665,719,8.9,89.1,12.8,5.5,9.1,7,9,8.9,9.8,7.7,8.5,8,11.7,3.1,3,2.5,3.4,3.1,4.6,4,3.4,1.7,14502,565,14.03,45.64,28.00,0.17,0.04,0.14,0.29,0.11,0.27,0.16,0.07,0.12,0.17,782.65,46.54,829.19,4593.6,648.05,5241.65,3243.03,1118.35,4361.38,10432.22
IIyear.MS1_TDR0.7_ebik0_eq1.csv,1,0.7,0,1,1142747.27,500327.36,75.8,33.2,7405,1.29,1.75,0.87,1.34,0.79,1.35,1.05,275.97,30.5,0.018316188,1433575,4464079.1,30854.2,90,13.7,14.6,12.8,12,29.2,5.8,47.4,14502,1340,649,701,8.9,87.9,10.8,7.1,9.2,6.1,8.8,9.3,9.6,8.5,8.5,6.8,10.5,3.1,2.9,2.7,3.4,2.7,4.4,3.7,3.1,2.3,14502,565,14.04,45.76,28.05,-0.03,0.16,0.01,0.03,0.19,0.08,0.22,0.48,0.34,0.23,-128.89,190.49,61.6,431.27,1172.86,1604.13,4550.21,8050.67,12600.88,14266.61
IIyear.MS1_TDR0.7_ebik1_eq0.csv,1,0.7,1,0,1139421.46,503653.17,75.6,33.4,10730.8,1.56,2.42,0.78,1.61,1.05,1.67,1.1,275.17,30.7,0.018263092,1433575,4461703.6,30893.8,81.4,13.7,14.7,12.8,12.1,29.1,5.8,47.6,14502,1368,686,719,9.1,91.9,12.9,5.6,9.3,7.2,9.1,8.9,9.9,7.7,8.7,7.6,12.3,3.6,3.4,2.8,3.9,3.7,5.4,4.6,3.8,2.1,14502,565,13.97,45.43,27.75,0.07,0.05,0.07,0.19,0.11,0.19,0.11,0.08,0.09,0.12,326.55,59.38,385.93,3089.67,647.52,3737.19,2149.2,1297.93,3447.13,7570.25
IIyear.MS1_TDR0.7_ebik1_eq1.csv,1,0.7,1,1,1140089.12,502985.51,75.7,33.4,10063.1,1.5,2,1.05,1.56,0.87,1.59,1.14,275.33,30.6,0.018273711,1433575,4460718.9,30910.2,80.8,13.7,14.7,12.7,12,29.2,5.8,47.5,14502,1354,663,701,9,89.9,11,7.1,9.2,6.4,8.9,9.3,9.6,8.6,8.6,6.8,10.8,3.5,3.3,3.1,3.8,3.1,4.8,4.1,3.6,2.7,14502,565,13.97,45.51,27.73,-0.04,0.08,-0.01,0.00,0.15,0.05,0.14,0.36,0.24,0.16,-169.35,98.36,-70.99,10.53,1026.59,1037.12,2839.24,6122.93,8962.17,9928.3
IIyear.MS1_TDR0.8_ebik0_eq0.csv,1,0.8,0,0,1306278.98,336795.65,86.7,22.4,8180.7,1.47,2.39,0.63,1.52,0.94,1.54,1.16,315.47,20.5,0.020937811,1638372,5081316.2,20566.9,93.1,13.6,14.7,12.7,12,29,5.8,47.4,14502,1342,659,719,8.9,88.2,12.7,5.4,9.1,6.9,9,8.7,9.7,7.7,8.5,7.5,12.1,3.2,3.1,2.4,3.5,3.1,4.8,4.1,3.4,1.8,14502,565,14.13,45.85,28.15,0.19,0.10,0.17,0.37,0.18,0.34,0.21,0.09,0.16,0.22,879.72,125.04,1004.75,5930.95,811,6741.95,4327.54,1524.56,5852.1,13598.81
IIyear.MS1_TDR0.8_ebik0_eq1.csv,1,0.8,0,1,1306171.24,336903.39,86.7,22.4,8288.5,1.45,1.97,0.98,1.51,0.83,1.52,1.15,315.44,20.5,0.02093582,1638372,5085675.6,20494.3,101.5,13.6,14.6,12.7,11.9,29,5.8,47.3,14502,1339,647,701,8.9,87.8,11,7,9.2,6.1,8.8,9.1,9.5,8.4,8.6,6.5,10.7,3.1,2.9,2.8,3.4,2.6,4.1,3.6,3.2,2.3,14502,565,14.15,46.09,28.17,0.04,0.20,0.08,0.10,0.29,0.16,0.27,0.50,0.38,0.28,202.55,243.94,446.49,1602.06,1544.68,3146.74,5564.83,8463.82,14028.65,17621.89
IIyear.MS1_TDR0.8_ebik1_eq0.csv,1,0.8,1,0,1302998.41,340076.22,86.5,22.6,11461.3,1.72,2.66,0.87,1.79,1.11,1.82,1.32,314.67,20.7,0.020884715,1638372,5080565.2,20579.4,89,13.7,14.8,12.7,12,29.2,5.9,47.5,14502,1360,679,719,9,90.7,12.9,5.5,9.2,7,9,9,9.8,7.8,8.6,7.9,12,3.5,3.4,2.9,3.8,3.7,5.3,4.5,3.7,2.1,14502,565,14.06,45.80,27.94,0.12,0.10,0.12,0.26,0.19,0.25,0.20,0.08,0.14,0.18,577.69,126.17,703.86,4154.32,849.12,5003.44,3995.22,1400.53,5395.75,11103.05
IIyear.MS1_TDR0.8_ebik1_eq1.csv,1,0.8,1,1,1303654.34,339420.29,86.5,22.5,10805.4,1.68,2.23,1.18,1.75,0.95,1.76,1.34,314.83,20.7,0.020895334,1638372,5079130.6,20603.3,87.4,13.7,14.7,12.8,12,29,5.8,47.5,14502,1354,663,701,9,89.9,11,7.1,9.2,6.5,8.9,9.5,9.6,8.4,8.7,6.8,10.7,3.5,3.3,3.2,3.8,3.2,4.8,4.1,3.5,2.7,14502,565,14.06,45.78,27.81,0.04,0.17,0.07,0.08,0.23,0.13,0.20,0.33,0.26,0.20,203.64,200.55,404.19,1321.68,1199.82,2521.5,4092.31,5619.07,9711.37,12637.07
IIyear.MS1_TDR0.9_ebik0_eq0.csv,1,0.9,0,0,1470206.01,172868.62,97.6,11.5,8561.2,1.6,2.62,0.67,1.65,1.04,1.67,1.3,355.05,10.5,0.023564744,1843168,5702719.6,10210.2,104.9,13.6,14.7,12.7,12,29,5.8,47.4,14502,1325,643,719,8.8,85.8,12.6,5.3,9,6.7,8.8,8.6,9.7,7.5,8.3,7.6,11.7,3.1,3,2.4,3.4,3,4.7,4,3.4,1.7,14502,565,14.22,46.00,28.44,0.31,0.14,0.27,0.46,0.20,0.41,0.21,0.07,0.15,0.24,1440.12,172.71,1612.83,7340.88,829.62,8170.5,4369.02,1184.82,5553.84,15337.17
IIyear.MS1_TDR0.9_ebik0_eq1.csv,1,0.9,0,1,1470667.37,172407.26,97.6,11.4,8099.8,1.55,2.16,1,1.61,0.88,1.61,1.28,355.17,10.5,0.023572709,1843168,5703738.3,10193.2,107.3,13.6,14.6,12.7,12,29,5.8,47.4,14502,1317,624,701,8.7,84.7,10.8,6.9,9,6.1,8.7,8.8,9.5,8.2,8.4,6.1,10.5,3,2.8,2.7,3.3,2.5,4.2,3.6,3.1,2.3,14502,565,14.22,46.10,28.29,0.09,0.20,0.11,0.15,0.29,0.19,0.27,0.57,0.41,0.31,410.91,242.25,653.17,2458.24,1387.95,3846.19,5568.87,9560.69,15129.56,19628.92
IIyear.MS1_TDR0.9_ebik1_eq0.csv,1,0.9,1,0,1467335.69,175738.94,97.4,11.7,11431.5,1.85,2.84,0.95,1.9,1.27,1.96,1.38,354.36,10.7,0.023518949,1843168,5698917.8,10273.6,96,13.7,14.8,12.7,12,29.2,5.8,47.6,14502,1370,688,719,9.1,92.1,13,5.5,9.3,7.1,9.1,9.1,9.9,7.8,8.7,7.9,12.3,3.4,3.3,2.7,3.8,3.6,5.1,4.5,3.7,2,14502,565,14.14,45.90,28.08,0.20,0.13,0.19,0.31,0.21,0.30,0.21,0.09,0.16,0.21,962.23,152.94,1115.17,4991,939.91,5930.9,4329.37,1597.12,5926.49,12972.56
IIyear.MS1_TDR0.9_ebik1_eq1.csv,1,0.9,1,1,1467985.52,175089.11,97.4,11.6,10781.6,1.77,2.36,1.23,1.85,0.98,1.85,1.4,354.52,10.7,0.023529568,1843168,5697782.4,10292.5,94.8,13.7,14.7,12.7,12,29.1,5.8,47.4,14502,1350,659,701,9,89.3,11,7.1,9.2,6.4,8.9,9.3,9.6,8.4,8.6,6.9,10.6,3.4,3.2,3.1,3.7,3,4.8,4,3.5,2.6,14502,565,14.13,45.79,28.09,0.05,0.17,0.08,0.15,0.23,0.19,0.23,0.40,0.30,0.25,254.03,208.88,462.91,2427.56,1277.83,3705.39,4637.91,6721.49,11359.41,15527.71
IIyear.MS1_TDR1_ebik0_eq0.csv,1,1,0,0,1634322.55,8752.08,108.5,0.6,8752.1,1.72,2.83,0.71,1.78,1.1,1.79,1.4,394.69,0.5,0.026195659,2047965,6320333,-83.4,108.9,13.6,14.7,12.7,12,29.1,5.8,47.4,14502,1332,650,719,8.8,86.8,12.7,5.4,9,7.1,8.9,8.6,9.7,7.6,8.4,7.3,11.8,3.1,3,2.4,3.4,3.2,4.6,4.1,3.3,1.7,14502,565,14.29,46.09,28.54,0.34,0.17,0.30,0.50,0.22,0.45,0.25,0.07,0.17,0.27,1599.2,203.07,1802.27,7982.21,942.56,8924.77,5059.4,1132.63,6192.03,16919.07
IIyear.MS1_TDR1_ebik0_eq1.csv,1,1,0,1,1634318.46,8756.17,108.5,0.6,8756.2,1.72,2.38,1.11,1.79,1.02,1.78,1.44,394.69,0.5,0.026195659,2047965,6323269,-132.3,114,13.6,14.6,12.7,12,29.2,5.8,47.3,14502,1337,646,701,8.9,87.5,10.9,7.1,9.1,6.3,8.8,9.2,9.6,8.4,8.5,6.7,10.8,3.1,2.9,2.8,3.3,2.8,4.2,3.7,3.2,2.3,14502,565,14.32,46.26,28.55,0.14,0.26,0.17,0.18,0.36,0.23,0.37,0.52,0.44,0.35,679.7,316.68,996.37,2840.3,1741.5,4581.8,7579.91,8744.26,16324.16,21902.33
IIyear.MS1_TDR1_ebik1_eq0.csv,1,1,1,0,1630917.83,12156.8,108.2,0.8,12156.8,2.01,3.11,1.01,2.08,1.26,2.11,1.55,393.87,0.7,0.026141236,2047965,6317050,-28.6,102.2,13.7,14.7,12.7,12,29.2,5.8,47.6,14502,1362,680,719,9,91,12.9,5.5,9.2,7.1,9.1,8.9,9.9,7.7,8.6,8,12.1,3.4,3.3,2.8,3.8,3.6,4.9,4.5,3.6,2,14502,565,14.22,45.98,28.27,0.24,0.20,0.23,0.39,0.22,0.37,0.27,0.09,0.19,0.25,1150.16,235.03,1385.19,6297.34,960.82,7258.16,5567.71,1598.96,7166.68,15810.03
IIyear.MS1_TDR1_ebik1_eq1.csv,1,1,1,1,1631844.12,11230.51,108.3,0.7,11230.5,1.91,2.57,1.31,1.98,1.21,1.99,1.58,394.09,0.7,0.026155837,2047965,6315680,-5.8,100.5,13.6,14.6,12.7,12,29.2,5.8,47.5,14502,1345,654,701,8.9,88.6,10.9,7.1,9.2,6.3,8.8,9.4,9.6,8.4,8.6,6.7,10.7,3.3,3.2,3.1,3.6,2.9,4.4,3.9,3.4,2.7,14502,565,14.20,45.92,28.24,0.11,0.19,0.13,0.16,0.27,0.20,0.27,0.47,0.36,0.29,518.38,231.38,749.76,2550.33,1404.61,3954.94,5623.69,7935.56,13559.26,18263.95
IIyear.MS16_TDR0.7_ebik0_eq0.csv,16,0.7,0,0,1084477.5,558597.13,72,37.1,65674.7,5.93,8.98,3.16,6.03,4.99,6.57,3.17,261.9,34,0.017382359,1433575,4552281.2,29384.2,89.5,14,15.2,13,12.4,29.5,6,48.5,14502,6032,5637,6172,40,746,51.4,29.7,40,39.8,41.2,35.2,41.8,37.6,39.4,34.9,46.3,12.9,12.5,11.4,13.8,13.3,16.1,14.6,14.4,9,14502,565,15.79,52.80,31.71,2.57,1.72,2.40,3.97,2.27,3.65,2.66,0.96,1.89,2.49,12141.44,2069.35,14210.79,63718.48,8340.64,72059.12,54325.86,16212.1,70537.96,156807.86
IIyear.MS16_TDR0.7_ebik0_eq1.csv,16,0.7,0,1,1080568.69,562505.94,71.7,37.3,69583.6,6.15,6.7,5.66,6.31,4.63,6.8,3.36,260.96,34.2,0.017319971,1433575,4576348.6,28983,93.2,14.2,15.1,13.3,12.5,29.8,6.1,48.9,14502,6415,5979,6489,42.6,799.7,43.4,41.8,42.8,40.7,43.3,39.5,42.8,42.7,42.7,36.5,45,13.5,12.6,13.5,14.5,13.7,14.8,14.1,13.4,13,14502,565,16.03,54.37,32.26,1.55,2.69,1.78,2.46,3.38,2.63,3.11,3.36,3.22,2.90,7328.84,3241.67,10570.51,39516.33,12462.18,51978.5,63575.93,56696.43,120272.37,182821.38
IIyear.MS16_TDR0.7_ebik1_eq0.csv,16,0.7,1,0,1061498.02,581576.61,70.5,38.6,88654.2,7.84,10.48,5.44,7.96,6.67,8.72,4.04,256.35,35.4,0.017014004,1433575,4523527,29863.4,80,14.4,15.6,13.3,12.7,30.3,6.2,49.7,14502,6265,5887,6172,41.6,778.7,52.5,31.6,41.5,42,42.6,37.2,43.6,38.6,41,36.9,48.2,16.7,16,15.4,17.8,17.7,19.8,18.6,18.3,12.3,14502,565,15.20,50.87,29.58,1.88,1.82,1.87,3.11,2.29,2.96,2.25,1.09,1.73,2.13,8898.64,2186.4,11085.04,49900.24,8495.59,58395.84,46110.43,18345.24,64455.67,133936.55
IIyear.MS16_TDR0.7_ebik1_eq1.csv,16,0.7,1,1,1059185.06,583889.57,70.3,38.8,90967.2,7.94,8.67,7.29,8.12,6.2,8.79,4.29,255.79,35.5,0.016976837,1433575,4523042,29871.5,79.7,14.4,15.2,13.6,12.7,30,6.1,49.8,14502,6618,6193,6489,43.9,828.2,44.8,43.1,44.1,41.9,44.5,41.6,43.8,44.3,44.1,39.7,45.8,17.4,16.1,17.6,18.6,18.1,18.5,17.9,17.2,17.1,14502,565,15.23,51.22,29.64,1.34,2.10,1.49,2.18,2.80,2.31,2.40,2.57,2.48,2.33,6310.36,2528.23,8838.59,35051.55,10509.29,45560.84,49118.63,43337.53,92456.16,146855.59
IIyear.MS16_TDR0.8_ebik0_eq0.csv,16,0.8,0,0,1245342.72,397731.91,82.7,26.4,69117,6.29,9.52,3.35,6.38,5.42,6.95,3.42,300.75,24.2,0.019960842,1638372,5155435.6,19331.6,96.5,14.1,15.2,13,12.4,29.8,6,48.6,14502,6005,5612,6172,39.9,742.2,51,29.8,39.9,39.4,41.2,34.2,42.2,37.1,39.3,33.6,44.8,12.8,12.4,11.6,13.8,13.2,15.5,14.6,14.4,8.7,14502,565,16.12,53.93,32.55,2.68,1.92,2.52,4.42,2.41,4.05,2.76,1.06,1.99,2.69,12641.62,2316.47,14958.09,71083.67,8913.15,79996.82,56447.32,17903.81,74351.13,169306.03
IIyear.MS16_TDR0.8_ebik0_eq1.csv,16,0.8,0,1,1241045.19,402029.44,82.4,26.7,73414.5,6.61,7.14,6.13,6.77,5.06,7.26,3.8,299.71,24.5,0.019891817,1638372,5184400.8,18848.8,101.2,14.2,15,13.4,12.5,30,6.1,48.9,14502,6415,5975,6489,42.6,799.7,43.3,41.9,42.7,41.1,43.3,39.6,42.7,42.9,42.8,36.8,43.8,13.6,12.6,13.5,14.7,14.4,14.8,14.1,13.6,13.1,14502,565,16.45,55.58,33.44,1.58,3.11,1.89,2.74,3.69,2.92,3.43,3.82,3.61,3.23,7459.13,3748.9,11208.03,44066.46,13648.7,57715.16,70273.25,64495.89,134769.14,203692.33
IIyear.MS16_TDR0.8_ebik1_eq0.csv,16,0.8,1,0,1218788.43,424286.2,80.9,28.2,95671.3,8.49,11.38,5.86,8.64,7.04,9.42,4.47,294.34,25.8,0.019535409,1638372,5138151.2,19619.7,89.6,14.2,15.4,13.1,12.5,30.2,6.2,48.8,14502,6243,5866,6172,41.4,775.6,52.6,31.3,41.4,41.4,42.5,36.8,43.3,38.6,41,36.4,47.1,16.3,15.6,14.9,17.5,17.8,19.2,18.3,17.8,12,14502,565,15.55,51.97,30.69,2.07,2.10,2.07,3.33,2.58,3.18,2.50,1.23,1.92,2.33,9762.09,2528.14,12290.23,53558.69,9131.09,62689.77,51148.64,20714.38,71863.02,146843.03
IIyear.MS16_TDR0.8_ebik1_eq1.csv,16,0.8,1,1,1219388.36,423686.27,80.9,28.1,95071.3,8.48,9.39,7.65,8.64,6.88,9.32,4.81,294.48,25.8,0.0195447,1638372,5123472,19864.3,87.2,14.2,15,13.4,12.4,30.3,6,49.2,14502,6579,6151,6489,43.7,822.7,44.7,42.7,43.8,42.2,44.3,41.1,43.9,43.7,43.8,38.3,46,16.9,15.8,16.9,18.1,17.9,18.1,17.5,16.8,16.5,14502,565,15.54,52.40,30.44,1.46,2.41,1.65,2.43,2.94,2.53,2.68,2.63,2.66,2.53,6890.39,2901.31,9791.71,39052.74,10980.2,50032.95,54866.58,44410.51,99277.09,159101.74
IIyear.MS16_TDR0.9_ebik0_eq0.csv,16,0.9,0,0,1407222.09,235852.54,93.4,15.7,71545.1,6.59,10.04,3.45,6.69,5.59,7.25,3.71,339.84,14.4,0.022555253,1843168,5770899.5,9073.9,106.3,14.1,15.2,13,12.3,30,6.1,48.4,14502,5998,5601,6172,39.8,741.2,51.2,29.4,39.8,40,41.1,34.2,42,37.1,39.2,34,45,12.4,11.8,11.1,13.4,13.2,15.2,14.1,13.8,8.4,14502,565,16.45,54.37,33.21,3.02,2.14,2.84,4.53,2.65,4.17,2.95,0.92,2.03,2.78,14249.76,2581.64,16831.4,72748.1,9489.96,82238.05,60336.32,15491.26,75827.58,174897.03
IIyear.MS16_TDR0.9_ebik0_eq1.csv,16,0.9,0,1,1403143.91,239930.72,93.1,15.9,75623.3,6.9,7.43,6.43,7.07,5.29,7.58,4,338.86,14.6,0.02249021,1843168,5796712.7,8643.6,110.6,14,15,13.2,12.4,29.6,6,48.7,14502,6357,5916,6489,42.2,791.6,43,41.5,42.4,40,43,38.8,42.4,42.5,42.3,37,43.4,13.1,12.1,13.1,14.1,13.9,14.4,13.7,13,12.5,14502,565,16.76,56.35,34.53,1.72,3.32,2.04,2.89,3.94,3.07,3.51,3.89,3.68,3.34,8108.96,3997.36,12106.33,46362.94,14246.96,60609.9,71765.47,65649.95,137415.42,210131.65
IIyear.MS16_TDR0.9_ebik1_eq0.csv,16,0.9,1,0,1380845.79,262228.84,91.6,17.4,97921.4,8.81,11.61,6.26,8.95,7.39,9.76,4.68,333.47,16,0.022132475,1843168,5745899.6,9490.5,98.1,14.2,15.3,13.1,12.5,30,6.1,48.8,14502,6216,5836,6172,41.3,771.8,52.2,31.3,41.2,41.3,42.4,36.5,43.4,38.3,40.6,36.1,46.9,15.6,15,14.4,16.7,16.9,17.9,17.5,17.2,11.4,14502,565,15.79,52.91,31.48,2.30,2.19,2.28,3.50,2.71,3.35,2.56,1.29,1.98,2.44,10867.16,2641.5,13508.66,56192.79,9872.58,66065.37,52333.98,21701.4,74035.38,153609.41
IIyear.MS16_TDR0.9_ebik1_eq1.csv,16,0.9,1,1,1379212.43,263862.2,91.5,17.5,99554.7,8.93,9.83,8.1,9.13,6.87,9.81,5.13,333.08,16.1,0.022106591,1843168,5736977.8,9639.2,96.4,14.3,15.3,13.4,12.6,30.1,6.1,49.5,14502,6582,6153,6489,43.7,823.1,44.6,42.9,43.9,41.8,44.2,41.6,43.6,43.8,44.1,39,45.4,16.2,15.2,16.1,17.4,16.7,17.5,16.7,16.1,15.8,14502,565,15.83,53.08,31.24,1.60,2.60,1.81,2.60,3.10,2.71,2.79,2.89,2.83,2.70,7570.47,3133.02,10703.49,41811.21,11673.64,53484.86,57035.89,48789.18,105825.08,170013.42
IIyear.MS16_TDR1_ebik0_eq0.csv,16,1,0,0,1569323.39,73751.24,104.2,4.9,73751.2,6.95,10.65,3.58,7.04,6.03,7.63,4,378.99,4.5,0.025153647,2047965,6366150,-847,110.8,14,15.2,12.9,12.3,29.6,6,48.3,14502,5998,5618,6172,39.8,741.2,51,29.7,39.8,40.2,40.9,35.1,42,37.6,38.9,34.6,44.6,12.6,12,11.3,13.6,14.2,15.4,14.4,14.1,8.5,14502,565,16.72,54.79,34.10,3.05,2.21,2.88,4.87,2.64,4.46,3.18,1.20,2.28,3.02,14375,2663.62,17038.62,78212.62,9866.71,88079.32,65006.04,20240.27,85246.32,190364.26
IIyear.MS16_TDR1_ebik0_eq1.csv,16,1,0,1,1564398.62,78676.01,103.8,5.2,78676,7.32,7.78,6.91,7.49,5.71,7.98,4.49,377.8,4.8,0.025074666,2047965,6396750,-1357,116.3,14,15,13.1,12.4,29.6,6,48.6,14502,6344,5900,6489,42.1,789.8,42.8,41.5,42.4,39.3,42.8,39.2,42.3,42.7,42.1,36.8,43.3,13.4,12.2,13.6,14.4,14.4,14.5,13.9,13.2,12.9,14502,565,17.08,57.08,35.20,1.85,3.51,2.19,2.99,4.19,3.21,3.60,4.05,3.80,3.46,8755.98,4223.81,12979.8,47973.96,15289.54,63263.5,73698.35,68337.26,142035.61,218278.91
IIyear.MS16_TDR1_ebik1_eq0.csv,16,1,1,0,1538933.34,104141.29,102.1,6.9,104141.3,9.42,12.55,6.57,9.56,8.02,10.44,4.96,371.65,6.3,0.02466649,2047965,6355554,-670.4,106.4,14.1,15.3,13.1,12.5,29.8,6.1,48.8,14502,6181,5795,6172,41,766.9,51.7,31.3,41.1,40.5,42,36.7,43.1,38.1,40.7,35.3,45.9,15.4,14.8,14.3,16.4,16.8,17.4,17.4,16.9,11.1,14502,565,16.12,53.42,32.24,2.43,2.45,2.43,3.77,2.81,3.58,2.73,1.22,2.05,2.56,11463.9,2948.19,14412.09,60511.47,10149.35,70660.81,55808.25,20678.2,76486.45,161559.36
IIyear.MS16_TDR1_ebik1_eq1.csv,16,1,1,1,1537176.83,105897.8,102,7,105897.8,9.53,10.48,8.66,9.74,7.47,10.46,5.46,371.23,6.4,0.024638614,2047965,6339982,-410.9,103.8,14.2,15.1,13.4,12.5,29.9,6.1,49.2,14502,6547,6113,6489,43.5,818.2,44.2,42.7,43.6,41.7,43.9,41.4,43.3,43.9,43.7,38.7,45.4,16,14.6,16.2,17.1,18,17.6,16.5,15.9,15.5,14502,565,16.14,54.19,32.14,1.74,2.74,1.94,2.83,3.40,2.95,3.02,3.00,3.01,2.89,8199.65,3294.51,11494.16,45523.71,12730.42,58254.14,61848.33,50676.24,112524.57,182272.87
IIyear.MS2_TDR0.7_ebik0_eq0.csv,2,0.7,0,0,1136017.8,507056.83,75.4,33.7,14134.4,1.83,2.98,0.79,1.89,1.25,1.97,1.21,274.35,30.9,0.018208668,1433575,4472037.9,30721.6,87.8,13.7,14.7,12.7,12,29.1,5.8,47.4,14502,1868,1205,1311,12.4,162,17.6,7.7,12.6,10.5,12.6,11.5,13.5,10.7,12,11.5,15.2,4.2,4.1,3.4,4.6,4.7,5.7,5.3,4.6,2.5,14502,565,14.23,46.43,28.41,0.44,0.15,0.38,0.75,0.28,0.68,0.42,0.17,0.31,0.43,2062.68,185.86,2248.54,12095.94,1328.21,13424.15,8558.14,2911.29,11469.43,27142.12
IIyear.MS2_TDR0.7_ebik0_eq1.csv,2,0.7,0,1,1136494.75,506579.88,75.4,33.6,13657.5,1.8,2.29,1.34,1.86,1.16,1.91,1.32,274.46,30.8,0.018215969,1433575,4475296.7,30667.2,91.1,13.7,14.7,12.8,12,29.2,5.8,47.6,14502,1875,1206,1297,12.4,163,14.4,10.6,12.8,9.3,12.5,12.3,13.1,11.4,12.3,11.3,14.2,4.2,3.9,3.8,4.6,4.3,5.4,4.9,4.2,3.5,14502,565,14.25,46.64,28.49,0.12,0.43,0.18,0.25,0.57,0.32,0.58,0.74,0.65,0.50,556.6,512.48,1069.08,4030.59,2302.17,6332.76,11910.22,12437.08,24347.29,31749.13
IIyear.MS2_TDR0.7_ebik1_eq0.csv,2,0.7,1,0,1131369.22,511705.41,75.1,34,18783,2.19,3.31,1.18,2.25,1.52,2.37,1.42,273.23,31.1,0.018134333,1433575,4465796.6,30825.6,79,13.7,14.7,12.7,12,29.2,5.8,47.5,14502,1905,1245,1311,12.6,167.2,17.9,7.9,12.8,10.8,12.8,12.1,13.7,11,12.3,11.3,15.7,5,4.8,4.2,5.4,6.2,6.8,6.2,5.6,3,14502,565,14.08,45.91,27.88,0.28,0.16,0.26,0.53,0.31,0.50,0.32,0.16,0.25,0.33,1327.29,192.02,1519.31,8524.45,1346.3,9870.75,6527.54,2717.89,9245.43,20635.49
IIyear.MS2_TDR0.7_ebik1_eq1.csv,2,0.7,1,1,1132436.6,510638.03,75.2,33.9,17715.6,2.13,2.71,1.61,2.2,1.47,2.29,1.48,273.48,31.1,0.018150926,1433575,4464253.2,30851.3,78.2,13.7,14.7,12.8,12.1,29.1,5.8,47.9,14502,1901,1234,1297,12.6,166.6,14.6,10.8,12.9,10,12.6,12.7,13.1,11.8,12.5,11.2,14.5,4.9,4.6,4.5,5.3,5.2,6.4,5.7,4.8,4.2,14502,565,14.09,46.00,27.89,0.07,0.31,0.12,0.22,0.42,0.27,0.44,0.56,0.49,0.39,349.53,368.66,718.19,3508.5,1759.96,5268.46,8940.61,9425.82,18366.43,24353.08
IIyear.MS2_TDR0.8_ebik0_eq0.csv,2,0.8,0,0,1299168.18,343906.45,86.2,22.8,15291.5,2.03,3.3,0.88,2.08,1.51,2.16,1.46,313.75,20.9,0.020823654,1638372,5091135.8,20403.3,96.3,13.7,14.7,12.7,12,29.1,5.8,47.4,14502,1860,1199,1311,12.3,160.9,17.5,7.7,12.5,10.8,12.5,11.7,13.5,10.6,11.9,10.9,15.4,4.2,4.1,3.5,4.7,4.4,5.9,5.4,4.7,2.4,14502,565,14.37,46.72,28.59,0.56,0.27,0.50,0.83,0.38,0.75,0.48,0.18,0.34,0.49,2642.26,331.11,2973.37,13269.91,1524.85,14794.76,9768.32,3058.26,12826.58,30594.71
IIyear.MS2_TDR0.8_ebik0_eq1.csv,2,0.8,0,1,1299552.5,343522.13,86.3,22.8,14907.2,1.99,2.55,1.48,2.06,1.26,2.12,1.44,313.84,20.9,0.020829628,1638372,5096384.4,20315.8,101.8,13.7,14.7,12.8,12,29.2,5.8,47.6,14502,1869,1202,1297,12.4,162.1,14.4,10.6,12.7,9.7,12.5,12.1,13,11.5,12.2,11.3,14.2,4.2,3.9,3.8,4.6,4.4,5.4,5,4.1,3.4,14502,565,14.39,47.05,28.88,0.17,0.55,0.25,0.34,0.64,0.40,0.65,0.85,0.74,0.59,799.72,663.71,1463.43,5512.45,2479.48,7991.93,13292.91,14342.27,27635.19,37090.55
IIyear.MS2_TDR0.8_ebik1_eq0.csv,2,0.8,1,0,1293976.27,349098.36,85.9,23.2,20483.4,2.45,3.69,1.32,2.51,1.76,2.64,1.62,312.5,21.2,0.020740692,1638372,5085406.8,20498.7,88.3,13.7,14.8,12.7,12,29.4,5.9,47.5,14502,1896,1236,1311,12.6,165.9,17.8,7.9,12.7,10.9,12.7,12,13.6,10.9,12.2,11.5,15.7,4.9,4.8,4.1,5.3,6,6.8,6.3,5.4,2.9,14502,565,14.22,46.35,28.21,0.40,0.25,0.37,0.66,0.39,0.62,0.36,0.18,0.28,0.39,1905.81,302.18,2207.99,10625.6,1584.25,12209.84,7368.67,3014.88,10383.56,24801.39
IIyear.MS2_TDR0.8_ebik1_eq1.csv,2,0.8,1,1,1294789.78,348284.85,85.9,23.1,19669.9,2.39,2.98,1.85,2.47,1.55,2.54,1.72,312.69,21.2,0.020753302,1638372,5084644.4,20511.4,88,13.8,14.7,12.9,12.1,29.3,5.9,47.8,14502,1911,1244,1297,12.7,168,14.6,10.9,12.9,10.1,12.7,12.6,13.2,11.7,12.5,11.6,14.9,4.9,4.5,4.4,5.3,5.4,6.3,5.7,4.8,4.1,14502,565,14.22,46.34,28.24,0.15,0.39,0.20,0.27,0.54,0.33,0.53,0.59,0.55,0.45,729.12,469.87,1198.99,4348.38,2214.05,6562.43,10750.74,9931.34,20682.08,28443.49
IIyear.MS2_TDR0.9_ebik0_eq0.csv,2,0.9,0,0,1462927.55,180147.08,97.1,12,15839.6,2.17,3.54,0.93,2.22,1.68,2.3,1.61,353.3,11,0.023448596,1843168,5709788,10092.4,104.9,13.7,14.8,12.7,12,29.2,5.8,47.4,14502,1851,1193,1311,12.3,159.6,17.4,7.7,12.4,10.6,12.4,11.7,13.3,10.8,11.8,10.9,15.5,4.1,4,3.4,4.5,4.8,5.7,5.2,4.6,2.3,14502,565,14.47,46.90,28.88,0.65,0.32,0.58,0.97,0.42,0.87,0.46,0.20,0.34,0.53,3045.03,382.47,3427.5,15555.85,1537.98,17093.83,9477.01,3358.62,12835.64,33356.96
IIyear.MS2_TDR0.9_ebik0_eq1.csv,2,0.9,0,1,1463234.85,179839.78,97.1,11.9,15532.3,2.15,2.79,1.57,2.22,1.4,2.27,1.64,353.37,10.9,0.023453242,1843168,5714495.5,10013.9,109.4,13.7,14.7,12.8,12.1,29.2,5.8,47.6,14502,1867,1197,1297,12.4,161.9,14.3,10.7,12.6,9.8,12.4,12.3,13,11.6,12.1,10.9,14.6,4.1,3.8,3.7,4.6,4.3,5.5,4.8,4.1,3.5,14502,565,14.51,47.20,29.14,0.24,0.59,0.31,0.41,0.67,0.47,0.71,0.87,0.78,0.64,1140.32,709.56,1849.89,6564.3,2655.53,9219.83,14610.78,14702.02,29312.8,40382.51
IIyear.MS2_TDR0.9_ebik1_eq0.csv,2,0.9,1,0,1457186.56,185888.07,96.7,12.3,21580.6,2.64,3.94,1.46,2.72,1.91,2.85,1.75,351.91,11.3,0.023356342,1843168,5703080.8,10204.2,96.2,13.7,14.7,12.7,12,29.4,5.8,47.5,14502,1891,1227,1311,12.6,165.2,17.6,7.9,12.7,10.8,12.7,11.9,13.6,11,12.2,11.1,15.6,4.8,4.7,4,5.2,5.4,6.5,6,5.3,2.9,14502,565,14.32,46.68,28.49,0.47,0.33,0.44,0.74,0.44,0.69,0.43,0.20,0.33,0.45,2221.21,394.83,2616.04,11902.2,1736.91,13639.11,8754.08,3401.36,12155.43,28410.58
IIyear.MS2_TDR0.9_ebik1_eq1.csv,2,0.9,1,1,1458783.31,184291.32,96.8,12.2,19983.9,2.51,3.16,1.92,2.6,1.63,2.69,1.73,352.3,11.2,0.023382226,1843168,5701458.2,10231.2,95.3,13.7,14.7,12.8,12.1,29,5.8,47.5,14502,1886,1219,1297,12.5,164.5,14.5,10.7,12.8,9.6,12.5,12.5,13,11.7,12.5,11.1,14.1,4.7,4.4,4.2,5.2,4.8,5.9,5.4,4.6,4,14502,565,14.30,46.51,28.42,0.17,0.44,0.23,0.34,0.57,0.39,0.50,0.70,0.59,0.49,799.19,535.75,1334.94,5503.18,2208.91,7712.09,10187.6,11761.95,21949.55,30996.58
IIyear.MS2_TDR1_ebik0_eq0.csv,2,1,0,0,1626658.98,16415.65,108,1.1,16415.7,2.33,3.8,1,2.39,1.76,2.47,1.73,392.84,1,0.026072874,2047965,6326283,-182.5,110.5,13.7,14.8,12.7,12,29.2,5.8,47.5,14502,1846,1185,1311,12.3,158.9,17.4,7.5,12.4,10.5,12.4,11.5,13.3,10.6,11.8,10.9,15.6,4.1,4,3.4,4.5,4.5,5.6,5.3,4.6,2.3,14502,565,14.58,47.06,29.22,0.71,0.39,0.64,1.06,0.46,0.95,0.56,0.17,0.38,0.58,3336.1,465.06,3801.16,17003.52,1653.76,18657.27,11364.58,2884.52,14249.1,36707.53
IIyear.MS2_TDR1_ebik0_eq1.csv,2,1,0,1,1627399.11,15675.52,108,1,15675.5,2.27,2.94,1.66,2.37,1.31,2.4,1.73,393.02,1,0.026084821,2047965,6330322,-249.8,114.8,13.7,14.6,12.8,12,29.2,5.8,47.5,14502,1861,1193,1297,12.4,161,14.3,10.6,12.6,9.4,12.3,12.4,12.9,11.4,12.2,10.8,14.3,4.1,3.9,3.7,4.5,4,5.4,4.8,4,3.5,14502,565,14.59,47.20,29.35,0.29,0.65,0.37,0.45,0.73,0.51,0.70,0.91,0.80,0.67,1390.46,786.18,2176.64,7219.71,2790.47,10010.18,14362.24,15417.11,29779.34,41966.16
IIyear.MS2_TDR1_ebik1_eq0.csv,2,1,1,0,1620829.81,22244.82,107.6,1.5,22244.8,2.81,4.26,1.49,2.89,2.04,3.03,1.89,391.43,1.4,0.025979292,2047965,6323213,-131.4,105.9,13.7,14.7,12.8,12,29.2,5.8,47.6,14502,1880,1219,1311,12.5,163.7,17.5,7.9,12.7,10.6,12.7,11.7,13.6,10.8,12,11.1,15.9,4.7,4.5,3.9,5.1,5.6,6.3,5.9,5.1,2.9,14502,565,14.43,46.67,28.71,0.56,0.33,0.51,0.73,0.46,0.69,0.51,0.23,0.38,0.49,2636.51,397.65,3034.16,11727.95,1935.14,13663.08,10429.49,3896.25,14325.74,31022.99
IIyear.MS2_TDR1_ebik1_eq1.csv,2,1,1,1,1622107.39,20967.24,107.7,1.4,20967.2,2.71,3.44,2.04,2.81,1.68,2.87,2.02,391.74,1.3,0.025999867,2047965,6316264,-15.6,100.7,13.7,14.7,12.8,12,29.2,5.8,47.5,14502,1898,1232,1297,12.6,166.2,14.5,10.8,12.9,9.9,12.6,12.6,13.1,11.6,12.5,11.9,14.3,4.7,4.4,4.2,5.1,5.2,6.2,5.4,4.5,4.1,14502,565,14.40,46.69,28.61,0.27,0.48,0.31,0.39,0.60,0.44,0.55,0.74,0.64,0.55,1271.85,574.67,1846.52,6335.39,2431.78,8767.17,11246.66,12526.29,23772.95,34386.63
IIyear.MS32_TDR0.7_ebik0_eq0.csv,32,0.7,0,0,1062889.6,580185.03,70.5,38.5,87262.6,7.63,11.08,4.49,7.74,6.54,8.48,3.94,256.69,35.3,0.01703657,1433575,4579879.9,28924.2,88.5,14.2,15.3,13.1,12.4,30,6.1,48.8,14502,8082,7775,8498,53.6,1033.5,64.6,43.7,53.5,54.3,55.3,46.4,56.1,51.1,52.8,45.4,60,16.9,16.3,15.6,18,16.9,19.8,18.7,18.2,13,14502,565,16.43,55.55,32.76,3.18,2.69,3.08,5.21,3.34,4.86,3.89,1.66,2.88,3.52,14994.82,3240.95,18235.77,83629.79,12216.42,95846.21,79488.65,27956.72,107445.37,221527.35
IIyear.MS32_TDR0.7_ebik0_eq1.csv,32,0.7,0,1,1053636.55,589438.08,69.9,39.1,96515.7,8.31,8.91,7.76,8.5,6.48,9.2,4.43,254.45,35.9,0.016887901,1433575,4620940.6,28239.8,92.4,14.2,15.1,13.4,12.5,29.8,6.1,49.3,14502,8645,8328,9030,57.4,1112.5,57.8,57,57.5,55.8,58.6,52.1,58.6,57.1,57.4,49.1,58.4,18.2,17.2,17.9,19.5,18.3,19.3,18.7,18,17.8,14502,565,16.94,58.26,34.13,2.14,3.87,2.49,3.60,4.74,3.81,4.54,4.80,4.65,4.19,10096.53,4657.46,14753.98,57788.79,17429.12,75217.91,92797.23,81007.68,173804.91,263776.8
IIyear.MS32_TDR0.7_ebik1_eq0.csv,32,0.7,1,0,1028697.31,614377.32,68.3,40.8,121454.9,10.46,13.27,7.9,10.65,8.63,11.65,5.3,248.43,37.4,0.016488352,1433575,4551983.3,29389.1,80.3,14.6,15.6,13.6,12.8,30.7,6.4,49.9,14502,8395,8101,8498,55.7,1077.4,66.3,46.1,55.5,57.5,57.1,49.7,57.9,53.2,55,48.9,62.1,22.2,21.1,21.3,23.8,23.4,25.2,24.5,23.8,17.6,14502,565,15.74,53.40,30.47,2.38,2.75,2.45,4.18,3.53,4.05,3.28,1.86,2.64,3.06,11231.83,3312.47,14544.3,67090.81,12760.6,79851.41,67150.63,31380.51,98531.14,192926.85
IIyear.MS32_TDR0.7_ebik1_eq1.csv,32,0.7,1,1,1025895.16,617179.47,68.1,41,124257.1,10.71,11.55,9.95,10.91,8.82,11.88,5.65,247.75,37.6,0.01644322,1433575,4541540.1,29563.2,78.8,14.8,15.7,14,13.1,31,6.4,50.9,14502,8918,8627,9030,59.2,1150.8,59.5,58.9,59.3,58.4,60.1,55.1,60.2,58.5,59.5,50.9,60.8,23.4,21.9,23.5,24.7,24.2,25,24,23,23.1,14502,565,15.76,53.98,30.11,1.85,3.11,2.10,3.19,3.97,3.33,3.52,3.66,3.58,3.36,8720.49,3740.83,12461.32,51289.71,14358.33,65648.04,71994.65,61800.01,133794.65,211904.01
IIyear.MS32_TDR0.8_ebik0_eq0.csv,32,0.8,0,0,1222014.92,421059.71,81.1,27.9,92444.8,8.14,11.81,4.8,8.26,7.01,9.05,4.23,295.12,25.6,0.019587177,1638372,5184388.6,18849,96.6,14.3,15.5,13.1,12.5,30.6,6.2,49.1,14502,8074,7765,8498,53.6,1032.4,64.4,43.8,53.4,54.9,55,47.3,56,50.8,52.8,46.6,59.9,16.9,16.2,15.4,18.1,17.4,20.5,18.8,18.3,12.8,14502,565,16.92,56.72,34.46,3.37,2.93,3.28,5.51,3.54,5.15,4.19,1.87,3.14,3.78,15917.57,3522.81,19440.38,88541.87,13121.39,101663.25,85679.98,31596.9,117276.88,238380.52
IIyear.MS32_TDR0.8_ebik0_eq1.csv,32,0.8,0,1,1210142.85,432931.78,80.3,28.7,104316.9,9.06,9.56,8.6,9.27,7.04,10,4.97,292.25,26.3,0.019396695,1638372,5236607,17978.7,102.1,14.3,15.2,13.5,12.6,29.8,6.1,49.3,14502,8611,8300,9030,57.2,1107.7,57.3,57,57.4,54.5,58.3,52.4,58.5,56.9,56.9,49.5,58.3,18.4,17.2,18.3,19.6,19,19.7,18.9,18.2,18,14502,565,17.56,60.14,36.15,2.42,4.40,2.83,3.85,5.35,4.10,4.75,5.48,5.08,4.56,11443.27,5299.36,16742.63,61807.58,19152.78,80960.35,97088.86,92443.85,189532.71,287235.7
IIyear.MS32_TDR0.8_ebik1_eq0.csv,32,0.8,1,0,1184331.13,458743.5,78.6,30.4,130128.6,11.25,14.11,8.66,11.42,9.59,12.5,5.84,286.02,27.9,0.018983208,1638372,5153472.8,19364.3,88.6,14.5,15.7,13.4,12.7,30.5,6.3,49.4,14502,8346,8052,8498,55.4,1070.5,65.8,46,55.1,57.6,56.7,49.8,57.8,52.4,54.7,48.6,61.6,21.7,20.7,20.5,23,23.3,25.5,23.8,23.3,17.2,14502,565,16.16,54.83,31.97,2.60,3.03,2.69,4.33,3.85,4.24,3.49,1.99,2.81,3.25,12297.78,3650.4,15948.19,69636.68,14051.58,83688.26,71424.04,33592.22,105016.26,204652.7
IIyear.MS32_TDR0.8_ebik1_eq1.csv,32,0.8,1,1,1179287.83,463786.8,78.3,30.8,135171.9,11.64,12.69,10.68,11.95,8.72,12.91,6.15,284.8,28.2,0.018902237,1638372,5153385.4,19365.8,88.2,14.7,15.4,14.1,13,30.5,6.4,50.5,14502,8876,8577,9030,58.9,1144.9,59.4,58.5,59.1,57.1,59.9,54.8,60.1,58.1,59.2,51.5,59.1,22.8,21.4,22.6,24.1,24.5,24.2,23.3,22.5,22.4,14502,565,16.27,55.42,32.01,2.12,3.38,2.38,3.57,4.31,3.70,3.70,3.98,3.82,3.65,10017.53,4069.19,14086.71,57312.12,15646.13,72958.25,75650.95,67156.45,142807.39,229852.36
IIyear.MS32_TDR0.9_ebik0_eq0.csv,32,0.9,0,0,1383821.32,259253.31,91.8,17.2,94945.9,8.48,12.42,4.9,8.62,7.1,9.41,4.47,334.19,15.8,0.022180261,1843168,5794228.6,8685,105.8,14.2,15.5,13,12.5,29.8,6.1,48.7,14502,7977,7672,8498,52.9,1018.8,63.8,43.1,52.8,53.8,54.5,46.1,55.3,50.9,52.2,43.4,59.1,16.2,15.5,14.8,17.5,16.7,19.7,18.1,17.6,12.2,14502,565,17.28,57.66,35.31,3.61,3.05,3.50,5.76,3.87,5.39,4.36,1.91,3.25,3.94,17036.97,3670.84,20707.82,92472.69,13872.17,106344.86,89206.69,32247.94,121454.63,248507.31
IIyear.MS32_TDR0.9_ebik0_eq1.csv,32,0.9,0,1,1373170.72,269903.91,91.1,17.9,105596.5,9.28,9.97,8.66,9.49,7.31,10.2,5.3,331.62,16.4,0.02200969,1843168,5836923.7,7973.5,110.5,14.4,15.3,13.7,12.7,30.7,6.2,49.8,14502,8594,8267,9030,57,1105.3,57.1,57,57.1,55.8,58.1,52.5,58.2,56.9,57,48.6,57.8,17.5,16.3,17.4,18.8,18,19,18.2,17.3,17,14502,565,17.90,60.94,37.23,2.49,4.65,2.93,4.26,5.37,4.46,5.04,5.45,5.22,4.77,11761.6,5594.19,17355.79,68432.34,19504.86,87937.2,103040.99,91953.73,194994.72,300287.72
IIyear.MS32_TDR0.9_ebik1_eq0.csv,32,0.9,1,0,1343571.2,299503.43,89.2,19.9,135196,11.77,14.69,9.1,11.94,10.09,13.05,6.18,324.47,18.2,0.021535143,1843168,5761498.8,9230.5,97.6,14.5,15.6,13.5,12.8,30.1,6.2,50.2,14502,8333,8032,8498,55.3,1068.7,65.7,45.8,55.1,56.7,56.6,49.8,57.6,52.8,54.7,47.4,61,20.9,19.8,20.2,22.1,22.2,24.5,23.1,22.1,16.8,14502,565,16.52,55.99,32.95,2.82,3.41,2.94,4.55,4.11,4.44,3.84,2.05,3.03,3.46,13294.85,4104.44,17399.3,73055.36,14627.66,87683.02,78504.05,34557.13,113061.19,218143.5
IIyear.MS32_TDR0.9_ebik1_eq1.csv,32,0.9,1,1,1338727.93,304346.7,88.9,20.2,140039.2,12.2,13.26,11.23,12.46,9.66,13.47,6.65,323.3,18.5,0.02145749,1843168,5755370.1,9332.7,96.5,14.7,15.6,13.9,12.9,31.4,6.3,50.6,14502,8833,8534,9030,58.6,1138.8,58.7,58.6,58.8,56.5,59.4,55.2,59.9,58.3,58.6,51.4,59.1,22,20.5,21.9,23.5,23.5,24.2,22.8,21.5,21.7,14502,565,16.64,56.31,33.12,2.40,3.82,2.69,3.77,4.52,3.87,3.95,4.42,4.16,3.93,11340.04,4600.39,15940.43,60509.25,15930.18,76439.43,80790.24,74561.44,155351.68,247731.54
IIyear.MS32_TDR1_ebik0_eq0.csv,32,1,0,0,1546136.03,96938.6,102.6,6.4,96938.6,8.83,12.92,5.12,8.94,7.83,9.7,5.09,373.39,5.9,0.024781974,2047965,6375966,-1010.6,109.6,14.2,15.4,13,12.5,29.8,6.2,48.6,14502,7955,7646,8498,52.8,1015.7,63.9,42.7,52.7,53.5,54.2,46.7,55.2,50.4,52,45,58.5,16.3,15.4,15.1,17.7,17.2,19.6,18.4,17.8,12,14502,565,17.60,58.59,36.07,3.75,3.39,3.68,6.16,4.08,5.75,4.60,1.85,3.35,4.14,17721.7,4085.17,21806.88,99038,14469.33,113507.33,94053.04,31196.91,125249.95,260564.15
IIyear.MS32_TDR1_ebik0_eq1.csv,32,1,0,1,1531881.77,111192.86,101.7,7.4,111192.9,9.93,10.61,9.31,10.12,8.1,10.89,5.75,369.95,6.8,0.02455366,2047965,6425602,-1837.8,115.5,14.3,15.2,13.5,12.6,30,6.1,49.7,14502,8589,8275,9030,57,1104.6,57,57,57.2,54.8,58.2,52,57.9,56.6,57.1,49.7,58.7,18,16.8,17.8,19.3,19.5,19.4,18.4,17.7,17.9,14502,565,18.38,61.96,38.45,2.67,4.79,3.10,4.43,5.72,4.65,5.18,6.10,5.60,5.07,12619.89,5764.64,18384.52,71160.43,20696.23,91856.66,106059.01,102969.09,209028.1,319269.28
IIyear.MS32_TDR1_ebik1_eq0.csv,32,1,1,0,1502223.45,140851.18,99.7,9.3,140851.2,12.39,15.47,9.59,12.58,10.54,13.69,6.78,362.79,8.6,0.02407845,2047965,6351808,-608,104.2,14.5,15.5,13.5,12.8,30.3,6.3,49.8,14502,8312,8019,8498,55.2,1065.8,65.4,45.9,54.9,57.2,56.5,49.6,57.4,53,54.4,48.5,60.5,20.5,19.4,19.7,21.9,21.9,23.5,22.4,22,16.3,14502,565,16.85,56.75,33.70,2.87,3.59,3.02,4.89,4.38,4.77,4.09,2.24,3.25,3.71,13569.57,4316.91,17886.48,78628.23,15500.21,94128.45,83628.11,37805.85,121433.96,233448.88
IIyear.MS32_TDR1_ebik1_eq1.csv,32,1,1,1,1497014.39,146060.24,99.4,9.7,146060.2,12.84,13.86,11.91,13.12,10.19,14.16,7.16,361.53,8.9,0.023994823,2047965,6352245,-615.2,104.1,14.6,15.3,14,12.9,30.5,6.3,50.3,14502,8801,8495,9030,58.4,1134.4,58.7,58.2,58.5,56.9,59.4,54.3,59.7,57.7,58.4,51.3,59.8,21.4,20,21.4,22.9,22.3,23,22.2,21,21.1,14502,565,17.00,57.55,34.32,2.48,4.02,2.79,3.93,4.81,4.07,4.15,4.47,4.29,4.08,11706.06,4839.86,16545.92,63086.43,17243.5,80329.93,84902.5,75468.18,160370.67,257246.52
IIyear.MS4_TDR0.7_ebik0_eq0.csv,4,0.7,0,0,1124464.32,518610.31,74.6,34.4,25687.9,2.75,4.45,1.2,2.8,2.21,3,1.68,271.56,31.6,0.018023495,1433575,4489490.1,30430.7,88.5,13.7,14.7,12.8,12.1,29,5.8,47.6,14502,2781,2185,2384,18.5,290,25.9,11.7,18.6,17,18.9,16.7,19.8,16.3,18,16.9,22.4,6.1,5.9,5.3,6.5,7,8.2,7.4,6.8,3.9,14502,565,14.58,47.84,29.25,1.00,0.48,0.90,1.57,0.68,1.41,0.92,0.32,0.65,0.91,4732.07,578.45,5310.51,25206.03,2634.28,27840.31,18796.64,5447.99,24244.62,57395.45
IIyear.MS4_TDR0.7_ebik0_eq1.csv,4,0.7,0,1,1124358.09,518716.54,74.6,34.4,25794.1,2.75,3.15,2.38,2.82,2.01,2.97,1.79,271.53,31.6,0.018021504,1433575,4496978.6,30305.9,91.9,13.7,14.8,12.8,12.1,29.4,5.9,47.6,14502,2808,2186,2377,18.6,293.8,20.1,17.3,18.9,16.4,18.9,17.5,19.9,17.6,18.4,16.8,17.8,6.2,6,5.6,6.8,6.5,6.9,6.8,6.2,5.7,14502,565,14.66,48.37,29.60,0.38,0.92,0.49,0.69,1.31,0.81,1.03,1.32,1.16,0.99,1776.99,1113.03,2890.02,11089.81,4896.76,15986.57,21010.95,22271.35,43282.3,62158.89
IIyear.MS4_TDR0.7_ebik1_eq0.csv,4,0.7,1,0,1116093.2,526981.43,74.1,35,34059,3.45,5.09,1.96,3.52,2.75,3.79,1.99,269.54,32.1,0.017889427,1433575,4480252.8,30584.6,80.3,13.8,14.9,12.8,12.1,29.5,5.9,47.7,14502,2854,2260,2384,18.9,300.3,26.3,12.2,19,17.8,19.3,17.3,20.3,16.8,18.5,17.2,22.6,7.5,7.3,6.7,8,8.7,9.7,9.1,8.3,4.9,14502,565,14.35,47.18,28.33,0.69,0.53,0.66,1.23,0.70,1.14,0.76,0.41,0.60,0.77,3271.07,639.56,3910.63,19796.84,2637.3,22434.14,15478.98,6929.87,22408.85,48753.62
IIyear.MS4_TDR0.7_ebik1_eq1.csv,4,0.7,1,1,1116990.58,526084.05,74.1,34.9,33161.7,3.34,3.81,2.91,3.44,2.39,3.63,2.09,269.75,32,0.017903365,1433575,4474155.1,30686.3,78.1,13.9,14.8,13.1,12.3,29.3,5.9,48.2,14502,2877,2259,2377,19.1,303.5,20.4,17.9,19.3,16.9,19.2,18.7,20,18,19.2,17.6,18.5,7.6,7.3,7,8.3,8.2,8.1,8.2,7.4,7.3,14502,565,14.32,47.15,28.24,0.30,0.68,0.37,0.60,0.99,0.67,0.79,0.95,0.87,0.76,1399.81,819.15,2218.96,9579.81,3650.99,13230.8,16235.44,16087.26,32322.7,47772.46
IIyear.MS4_TDR0.8_ebik0_eq0.csv,4,0.8,0,0,1285730.23,357344.4,85.3,23.7,28729.5,3.07,4.99,1.33,3.16,2.25,3.35,1.89,310.5,21.7,0.020607951,1638372,5110812.4,20075.3,98.8,13.7,14.7,12.8,12,29.2,5.8,47.6,14502,2791,2197,2384,18.5,291.4,25.9,11.8,18.6,17.4,18.9,16.8,19.8,16.5,18.1,16.8,22.2,6.2,6,5.4,6.7,6.8,8.2,7.5,7,3.7,14502,565,14.82,48.53,29.84,1.14,0.60,1.03,1.84,0.74,1.65,1.09,0.39,0.77,1.07,5380.15,723.64,6103.79,29548.35,2925.23,32473.58,22329.82,6606.3,28936.12,67513.49
IIyear.MS4_TDR0.8_ebik0_eq1.csv,4,0.8,0,1,1286464.76,356609.87,85.4,23.7,27994.9,3.01,3.45,2.61,3.07,2.39,3.22,2.09,310.68,21.7,0.020619898,1638372,5117009.8,19972,102.3,13.8,14.7,12.9,12.1,29.3,5.9,47.9,14502,2817,2193,2377,18.7,295.1,20.1,17.4,18.9,16.8,18.8,18.1,19.7,17.6,18.7,17,18.3,6.2,6,5.7,6.8,6.6,6.8,6.9,6.2,5.5,14502,565,14.85,49.11,30.03,0.49,1.15,0.63,0.81,1.45,0.93,1.12,1.39,1.24,1.09,2334.49,1379.32,3713.81,13071.38,5327.62,18398.99,22893.32,23390.26,46283.59,68396.39
IIyear.MS4_TDR0.8_ebik1_eq0.csv,4,0.8,1,0,1277390.81,365683.82,84.8,24.3,37068.9,3.77,5.59,2.12,3.85,3.02,4.14,2.2,308.49,22.3,0.020474547,1638372,5098653.2,20278,89.7,13.8,15,12.8,12.2,29.2,5.9,48,14502,2854,2262,2384,18.9,300.3,26.4,12.2,19.1,17.6,19.3,17.5,20.1,16.9,18.5,18,22.8,7.4,7,6.6,7.9,8.8,9.7,8.8,8.1,4.8,14502,565,14.52,47.63,28.81,0.81,0.59,0.77,1.44,0.77,1.32,0.83,0.43,0.65,0.87,3835.13,704.77,4539.9,23106.49,3002.01,26108.51,16919.89,7298.61,24218.5,54866.9
IIyear.MS4_TDR0.8_ebik1_eq1.csv,4,0.8,1,1,1278030.06,365044.57,84.8,24.2,36429.6,3.71,4.3,3.18,3.82,2.62,4.02,2.38,308.64,22.2,0.020484503,1638372,5093118.4,20370.2,87.5,13.9,14.8,13,12.2,29.6,5.9,47.9,14502,2878,2256,2377,19.1,303.6,20.6,17.7,19.3,16.7,19.2,18.6,20,18,19,18.4,18.8,7.5,7.2,6.9,8,8.3,7.8,8.3,7.3,6.9,14502,565,14.52,47.76,28.73,0.44,0.90,0.54,0.65,1.12,0.74,0.95,1.00,0.97,0.86,2087.51,1086.25,3173.76,10364.38,4177.06,14541.44,19463.47,16837.61,36301.09,54016.28
IIyear.MS4_TDR0.9_ebik0_eq0.csv,4,0.9,0,0,1449519.53,193555.1,96.2,12.8,29247.6,3.22,5.21,1.4,3.28,2.53,3.49,2.03,350.06,11.8,0.023233557,1843168,5727773.4,9792.6,108,13.7,14.8,12.8,12.1,29.4,5.8,47.7,14502,2768,2173,2384,18.4,288.2,25.7,11.7,18.5,16.9,18.7,16.9,19.6,16.4,17.9,16.9,21.8,6,5.8,5.2,6.5,6.7,8.3,7.4,6.7,3.7,14502,565,14.95,48.67,30.11,1.24,0.72,1.13,1.91,0.82,1.70,1.09,0.42,0.79,1.11,5840.95,871.74,6712.68,30676.93,2930.56,33607.5,22387.21,7126.25,29513.47,69833.65
IIyear.MS4_TDR0.9_ebik0_eq1.csv,4,0.9,0,1,1449968.14,193106.49,96.2,12.8,28799,3.17,3.74,2.66,3.26,2.31,3.42,2.09,350.17,11.8,0.023240858,1843168,5734905.9,9673.8,111.8,13.7,14.7,12.8,12.1,29.2,5.9,47.6,14502,2801,2179,2377,18.6,292.8,20.1,17.2,18.8,16.4,18.8,17.5,19.6,17.5,18.6,16.8,18,6.1,5.9,5.6,6.5,6.6,6.8,6.7,6,5.6,14502,565,15.01,49.14,30.44,0.57,1.18,0.69,0.87,1.43,0.97,1.29,1.44,1.36,1.18,2671.12,1421.64,4092.75,14010.37,5201.54,19211.92,26486.73,24261.21,50747.95,74052.62
IIyear.MS4_TDR0.9_ebik1_eq0.csv,4,0.9,1,0,1439794.94,203279.69,95.6,13.5,38972.2,4.02,5.86,2.35,4.11,3.13,4.41,2.33,347.71,12.4,0.023077587,1843168,5712921.4,10040.2,97.4,13.8,14.9,12.8,12.1,29.6,5.9,47.8,14502,2849,2257,2384,18.9,299.6,26.4,12.1,19,17.4,19.2,17.6,20.1,16.9,18.5,17.6,22.7,7.2,7,6.5,7.6,9,9.4,8.6,8,4.7,14502,565,14.67,48.09,29.15,0.91,0.68,0.86,1.51,0.90,1.40,0.94,0.46,0.72,0.95,4303.61,819.29,5122.9,24189.36,3380.22,27569.59,19165.7,7689.76,26855.46,59547.94
IIyear.MS4_TDR0.9_ebik1_eq1.csv,4,0.9,1,1,1441186.75,201887.88,95.7,13.4,37580.4,3.89,4.57,3.28,4,2.87,4.24,2.42,348.05,12.3,0.023100153,1843168,5711362.8,10066.1,96.9,13.8,14.7,12.9,12.1,29.4,5.9,47.7,14502,2858,2239,2377,19,300.8,20.4,17.7,19.2,16.6,19.2,18.2,19.9,17.8,19,17.6,18.7,7.2,7,6.7,7.7,8,7.8,7.8,7.1,6.8,14502,565,14.64,48.00,29.17,0.49,0.92,0.58,0.83,1.21,0.90,1.00,1.11,1.05,0.96,2326.13,1110.19,3436.32,13279.84,4443.91,17723.74,20387.58,18821.46,39209.04,60369.1
IIyear.MS4_TDR1_ebik0_eq0.csv,4,1,0,0,1613081.1,29993.53,107.1,2,29993.5,3.42,5.57,1.45,3.48,2.79,3.69,2.24,389.56,1.8,0.02585518,2047965,6338612,-388,112.5,13.7,14.7,12.8,12.1,29.2,5.8,47.7,14502,2764,2166,2384,18.3,287.7,25.9,11.5,18.4,17.2,18.8,16.6,19.6,16.4,17.9,16.2,22.2,6.1,5.8,5.2,6.6,7,8,7.5,6.8,3.6,14502,565,15.08,48.80,30.31,1.36,0.74,1.23,2.08,0.88,1.86,1.07,0.39,0.76,1.15,6410.67,892.12,7302.79,33390.33,3229.33,36619.65,21838.8,6574.83,28413.63,72336.08
IIyear.MS4_TDR1_ebik0_eq1.csv,4,1,0,1,1613175.53,29899.1,107.1,2,29899.1,3.4,4.02,2.83,3.5,2.38,3.64,2.36,389.58,1.8,0.025856508,2047965,6345687,-505.9,116,13.7,14.6,12.9,12.1,29.1,5.9,47.5,14502,2795,2178,2377,18.6,292,20,17.2,18.8,16.4,18.7,17.9,19.4,17.4,18.6,17.7,18.1,6.2,6,5.7,6.6,6.8,6.7,6.7,6,5.8,14502,565,15.16,49.56,30.75,0.61,1.26,0.74,1.00,1.55,1.09,1.39,1.53,1.45,1.27,2874.14,1520.35,4394.49,16013.69,5596.95,21610.64,28373.25,25885.95,54259.2,80264.33
IIyear.MS4_TDR1_ebik1_eq0.csv,4,1,1,0,1602421.94,40652.69,106.4,2.7,40652.7,4.31,6.32,2.48,4.39,3.54,4.72,2.57,386.98,2.5,0.025683945,2047965,6328927,-226.6,105.5,13.7,14.8,12.8,12.1,29.2,5.8,47.8,14502,2853,2261,2384,18.9,300.1,26.5,12.1,19,18,19.3,17.4,20.2,16.9,18.5,18,22.5,7.1,6.8,6.2,7.6,8.5,9.3,8.5,7.8,4.6,14502,565,14.80,48.27,29.64,1.05,0.71,0.99,1.58,0.91,1.46,1.05,0.47,0.79,1.02,4977.63,860.9,5838.53,25343.85,3539.97,28883.82,21560.35,7982.94,29543.29,64265.63
IIyear.MS4_TDR1_ebik1_eq1.csv,4,1,1,1,1604071.42,39003.21,106.5,2.6,39003.2,4.13,4.71,3.59,4.22,3.2,4.47,2.67,387.38,2.4,0.025710493,2047965,6323003,-127.9,103.2,13.8,14.8,12.9,12.1,29.3,5.9,47.6,14502,2860,2237,2377,19,301.1,20.4,17.7,19.2,17,19.1,18.5,19.9,17.8,19,17.7,18.4,7.1,6.8,6.6,7.7,8.2,7.4,7.7,7,6.8,14502,565,14.78,48.44,29.40,0.55,1.00,0.64,0.90,1.33,0.98,1.07,1.17,1.12,1.03,2583.15,1209.64,3792.79,14401.38,5001.89,19403.28,21913.54,19816.36,41729.9,64925.97
IIyear.MS64_TDR0.7_ebik0_eq0.csv,64,0.7,0,0,1042555.12,600519.51,69.2,39.9,107597.1,9.26,12.96,5.89,9.37,8.12,10.27,4.87,251.78,36.5,0.016710692,1433575,4609626.9,28428.4,88.3,14.4,15.5,13.3,12.7,29.6,6.2,49.7,14502,9902,9689,10596,65.7,1288.8,74.8,57.5,65.7,66,67.5,58.2,68.6,63.6,65,55.4,69.9,20.5,19.9,19.1,21.9,20.8,23,21.9,21.7,17.3,14502,565,17.07,58.09,33.88,3.60,3.37,3.55,6.04,4.35,5.71,5.06,2.76,4.02,4.51,16991.2,4056.37,21047.58,97073.35,15633.03,112706.38,103603.3,46519.49,150122.78,283876.74
IIyear.MS64_TDR0.7_ebik0_eq1.csv,64,0.7,0,1,1029061.26,614013.37,68.3,40.8,121091,10.25,10.93,9.63,10.47,8.19,11.35,5.48,248.52,37.4,0.016494325,1433575,4669251.6,27434.7,93.1,14.4,15.3,13.5,12.6,30.7,6.2,49.5,14502,10559,10331,11176,70.1,1380.9,69.7,70.4,70.3,68.3,71.7,63.2,72.1,70.7,69.4,58.3,70.5,22.1,21,21.8,23.4,21.9,24,22.6,21.5,22.2,14502,565,17.73,61.66,36.10,2.79,4.90,3.22,4.60,5.95,4.80,5.75,6.25,5.98,5.35,13169.7,5901.32,19071.02,73831.28,20956.2,94787.48,117613.4,105588.6,223202,337060.49
IIyear.MS64_TDR0.7_ebik1_eq0.csv,64,0.7,1,0,999584.69,643489.94,66.3,42.7,150567.5,12.79,15.25,10.56,13.04,10.45,14.27,6.44,241.4,39.2,0.016021769,1433575,4575016.5,29005.2,80.2,14.9,15.8,14.1,13.1,31.3,6.5,51,14502,10290,10096,10596,68.3,1343.2,76.9,60.5,68.1,69.7,69.8,61.8,71.3,66.4,66.7,58.3,74.8,27.3,26.2,26.9,28.4,28.7,30.3,29.4,28.6,23.2,14502,565,16.19,55.38,31.43,2.68,3.69,2.88,4.74,4.50,4.67,4.06,2.85,3.51,3.82,12649.42,4440.92,17090.34,76201.63,15882.85,92084.48,83082.63,48164.29,131246.92,240421.74
IIyear.MS64_TDR0.7_ebik1_eq1.csv,64,0.7,1,1,994025.98,649048.65,66,43.1,156126.3,13.26,14.13,12.47,13.58,10.17,14.74,6.85,240.06,39.5,0.015932833,1433575,4575966.6,28989.4,79.8,14.9,15.7,14.3,13.2,31.4,6.5,51.5,14502,10872,10663,11176,72.2,1424.8,72.2,72.1,72.2,71.2,73.2,67.9,73.8,72.3,71.3,63.2,74.3,28.6,27.2,28.8,29.5,30.8,30.8,29,28,28.7,14502,565,16.30,56.18,31.31,2.39,3.78,2.68,4.15,4.93,4.28,4.28,4.63,4.44,4.22,11299.41,4553.71,15853.11,66677.76,17730.77,84408.53,87634.1,78085.18,165719.28,265980.93
IIyear.MS64_TDR0.8_ebik0_eq0.csv,64,0.8,0,0,1201166.37,441908.26,79.7,29.3,113293.3,9.82,13.8,6.2,9.96,8.49,10.87,5.3,290.08,26.9,0.019252671,1638372,5209575,18429.3,96.5,14.5,15.6,13.5,12.8,30.2,6.3,49.8,14502,9863,9650,10596,65.5,1283.3,74.5,57.2,65.4,65.6,67.1,58.5,68.5,63.4,64.3,55.7,70.2,20.4,19.6,19,21.8,21.5,24,22.2,21.6,16.6,14502,565,17.61,59.93,35.67,3.89,3.91,3.89,6.46,4.67,6.11,5.29,2.92,4.22,4.78,18342.87,4705.95,23048.82,103768.11,16736.03,120504.14,108212.4,49340.69,157553.09,301106.05
IIyear.MS64_TDR0.8_ebik0_eq1.csv,64,0.8,0,1,1185876.34,457198.29,78.7,30.3,128583.4,11,11.48,10.56,11.24,8.73,12.14,6.05,286.39,27.8,0.019007765,1638372,5273241,17368.2,101.9,14.6,15.4,13.8,12.8,30.6,6.3,50.3,14502,10524,10295,11176,69.8,1376,69.6,70.1,70,68.6,71.2,64,71.9,70.4,68.7,58.9,71.7,22.2,21.1,22,23.3,22.8,24.7,22.6,22,22,14502,565,18.43,63.75,38.06,2.98,5.36,3.46,4.95,6.67,5.23,5.89,6.84,6.32,5.71,14057.41,6448.95,20506.35,79470.69,23695.82,103166.51,120419.16,115508.93,235928.09,359600.94
IIyear.MS64_TDR0.8_ebik1_eq0.csv,64,0.8,1,0,1153538.86,489535.77,76.6,32.5,160920.8,13.72,16.3,11.37,13.95,11.49,15.26,7.12,278.58,29.8,0.018489414,1638372,5173378.2,19032.5,88.7,14.8,15.7,14,13.1,30.5,6.5,50.4,14502,10264,10069,10596,68.1,1339.6,76.7,60.3,68,69.1,69.5,62.1,71.2,65.9,66.8,59,73.7,26.5,25.4,25.8,27.8,28.2,29.3,28.5,27.7,22.7,14502,565,16.71,57.49,33.04,2.98,3.97,3.18,4.99,4.91,4.95,4.56,3.21,3.95,4.19,14090.73,4777.98,18868.71,80093.81,17655.23,97749.04,93294.93,54234.48,147529.4,264147.16
IIyear.MS64_TDR0.8_ebik1_eq1.csv,64,0.8,1,1,1147119.77,495954.86,76.1,32.9,167339.9,14.32,15.24,13.48,14.61,11.56,15.9,7.51,277.03,30.2,0.01838654,1638372,5177252,18968,88.6,14.8,15.7,14,13.1,30.9,6.5,50.8,14502,10834,10620,11176,71.9,1419.5,71.8,72,72,70.6,73,67.2,73.5,72.3,71.3,61.8,73.6,27.8,26.4,28,29,30.3,29.4,28.4,27.2,27.8,14502,565,16.89,58.07,33.04,2.62,4.43,2.99,4.60,5.46,4.71,4.54,5.11,4.80,4.60,12387.4,5329.43,17716.83,73891.73,18984.02,92875.74,92969.56,86202.57,179172.12,289764.69
IIyear.MS64_TDR0.9_ebik0_eq0.csv,64,0.9,0,0,1363103.78,279970.85,90.5,18.6,115663.4,10.12,14.31,6.31,10.27,8.63,11.22,5.37,329.19,17,0.02184841,1843168,5817182.4,8302.5,105.9,14.3,15.6,13.2,12.7,29.8,6.2,49.6,14502,9777,9551,10596,64.9,1271.2,74.4,56.3,64.9,64.4,66.6,57.5,68.1,62.8,63.7,54.5,69.8,19.6,18.8,18.4,20.7,20.8,22.4,21,20.9,16,14502,565,18.05,60.54,36.96,3.99,4.00,3.99,6.83,4.82,6.44,5.56,2.82,4.32,4.95,18854.41,4812.16,23666.58,109816.08,17223.82,127039.9,113708.43,47675.58,161384.01,312090.48
IIyear.MS64_TDR0.9_ebik0_eq1.csv,64,0.9,0,1,1346701.69,296372.94,89.4,19.7,132065.5,11.44,12.11,10.83,11.65,9.4,12.6,6.39,325.23,18,0.021585584,1843168,5875340.5,7333.2,110.8,14.4,15.3,13.5,12.6,30.3,6.2,49.5,14502,10468,10217,11176,69.5,1368.2,69.4,69.6,69.6,68.6,70.8,63.6,71.1,70,68.7,59.9,71.1,21.5,20.4,21.3,22.7,22.7,23.3,22.1,21.1,21.5,14502,565,18.94,64.68,39.63,3.15,5.69,3.67,5.24,6.80,5.48,6.28,6.99,6.60,5.97,14892.8,6848.45,21741.24,84240.79,23899.54,108140.33,128399.21,117934.52,246333.73,376215.31
IIyear.MS64_TDR0.9_ebik1_eq0.csv,64,0.9,1,0,1311611.63,331463,87.1,22,167155.5,14.37,17.08,11.9,14.66,11.6,15.95,7.54,316.75,20.2,0.021022765,1843168,5769804.7,9092.1,96.8,14.7,15.9,13.7,13,31.4,6.5,50.4,14502,10200,10001,10596,67.7,1330.6,76.2,60,67.6,68.9,69,62.2,70.7,65.5,66.3,59.1,73.6,25.6,24.4,24.8,26.8,27.2,28.5,27.3,26.7,22,14502,565,17.15,59.01,34.05,3.04,4.31,3.30,5.30,5.32,5.27,4.94,3.25,4.18,4.43,14331.11,5192.71,19523.82,85174.64,18766.08,103940.73,101104.49,54820.43,155924.92,279389.46
IIyear.MS64_TDR0.9_ebik1_eq1.csv,64,0.9,1,1,1304361.85,338712.78,86.6,22.5,174405.3,14.96,15.94,14.07,15.29,11.9,16.6,7.89,315,20.6,0.020906617,1843168,5772778.7,9042.5,96.8,14.8,15.7,13.9,13.1,30.5,6.4,50.8,14502,10819,10604,11176,71.8,1417.4,71.9,71.7,72.1,69.4,72.9,66.9,73.3,72.1,71.2,62.3,73.8,26.8,25.2,26.9,28.1,30,28.8,27.4,26.3,26.8,14502,565,17.33,59.39,34.27,2.87,4.74,3.25,4.67,5.83,4.82,5.00,5.34,5.15,4.87,13552.08,5712.66,19264.74,75003.67,20215.62,95219.29,102308.78,90132.78,192441.56,306925.6
IIyear.MS64_TDR1_ebik0_eq0.csv,64,1,0,0,1524185.14,118889.49,101.2,7.9,118889.5,10.61,15.03,6.6,10.72,9.6,11.63,6.2,368.09,7.2,0.024430212,2047965,6384913,-1159.7,108.8,14.2,15.3,13.2,12.5,30,6.1,49.2,14502,9755,9529,10596,64.7,1268.2,74,56.3,64.7,64.7,66.2,58.3,67.3,62.8,63.7,56.3,69.7,19.9,19,18.4,21.2,22.8,23.4,22,20.9,15.9,14502,565,18.42,61.53,37.76,4.31,4.30,4.31,6.89,5.17,6.53,5.92,3.10,4.65,5.20,20364.4,5178.12,25542.52,110676.75,18141.77,128818.52,121195.03,52367.54,173562.57,327923.61
IIyear.MS64_TDR1_ebik0_eq1.csv,64,1,0,1,1506235.68,136838.95,100,9.1,136839,12.03,12.55,11.55,12.27,9.74,13.16,7.17,363.76,8.3,0.024142829,2047965,6453637,-2305.1,115.8,14.4,15.3,13.6,12.7,30.3,6.1,50.1,14502,10434,10185,11176,69.3,1363.4,68.9,69.6,69.5,66.8,70.4,64.4,71,69.3,68.8,58.2,70.6,21.8,20.5,21.7,23.1,23.7,23.4,22,21.3,22,14502,565,19.41,65.88,41.02,3.35,5.97,3.88,5.38,7.14,5.66,6.48,7.41,6.90,6.23,15825.15,7185.41,23010.56,86465.65,25335.91,111801.57,132663.94,125162.43,257826.37,392638.49
IIyear.MS64_TDR1_ebik1_eq0.csv,64,1,1,0,1466709.45,176365.18,97.3,11.7,176365.2,15.27,18.18,12.62,15.53,12.82,16.88,8.31,354.21,10.7,0.023508993,2047965,6366033,-845,104.7,14.5,15.5,13.7,12.8,30.7,6.3,50.2,14502,10189,9978,10596,67.6,1329,76.1,59.9,67.5,68.2,68.9,62.1,70.2,66.1,66.6,57,72.9,25.2,24,24.7,26.4,26.9,27.4,27.1,26.2,21.7,14502,565,17.62,60.08,35.17,3.45,4.71,3.71,5.66,5.64,5.60,5.14,3.51,4.40,4.71,16295.24,5665.68,21960.92,90977.1,19538.82,110515.92,105179.35,59246.5,164425.85,296902.69
IIyear.MS64_TDR1_ebik1_eq1.csv,64,1,1,1,1459098.31,183976.32,96.8,12.2,183976.3,15.89,16.95,14.93,16.21,12.91,17.58,8.59,352.37,11.2,0.023386872,2047965,6374534,-986.7,105.2,14.7,15.5,13.9,13,30.7,6.2,51.1,14502,10756,10533,11176,71.4,1408.6,71.3,71.5,71.5,70.5,72.5,66.7,72.9,71.8,70.9,62.5,71.6,26.3,24.8,26.4,27.4,28.7,28.3,27,25.7,26.1,14502,565,17.81,61.10,35.83,3.12,4.98,3.50,4.97,6.03,5.12,5.29,5.47,5.37,5.12,14714.14,6000.02,20714.16,79864.87,21295.05,101159.92,108228.6,92421.48,200650.08,322524.16
IIyear.MS8_TDR0.7_ebik0_eq0.csv,8,0.7,0,0,1105764.53,537310.1,73.4,35.7,44387.7,4.19,6.61,1.99,4.28,3.31,4.64,2.28,267.04,32.7,0.017723502,1433575,4520265.7,29917.8,90.1,13.8,14.9,12.8,12.1,29.6,5.9,48.1,14502,4243,3729,4063,28.2,495.1,38,19.2,28.2,27.9,29,24.8,29.6,25.2,28.2,24.1,33.1,9.1,8.8,7.8,9.9,9.7,11.8,10.7,10.2,5.9,14502,565,15.14,50.27,30.13,1.75,1.02,1.60,2.80,1.31,2.53,1.59,0.63,1.16,1.63,8261.47,1224.66,9486.12,44975.7,5006.14,49981.84,32543.7,10660.07,43203.77,102671.73
IIyear.MS8_TDR0.7_ebik0_eq1.csv,8,0.7,0,1,1104203.27,538871.36,73.3,35.8,45949,4.29,4.77,3.86,4.4,3.25,4.71,2.48,266.67,32.8,0.017698945,1433575,4535031.5,29671.7,93.7,13.9,14.9,13,12.2,29.4,5.9,48.2,14502,4400,3846,4163,29.2,517.1,30.1,28.4,29.5,26.1,29.7,27.3,30,29.3,28.8,25,30.1,9.4,9.1,9.1,10,9.6,10.7,10,9.5,8.9,14502,565,15.29,51.07,30.82,0.97,1.80,1.14,1.46,2.17,1.61,1.96,2.13,2.04,1.82,4558.29,2166.55,6724.84,23528.83,8172.52,31701.35,40019.37,35987.52,76006.89,114433.08
IIyear.MS8_TDR0.7_ebik1_eq0.csv,8,0.7,1,0,1091325.89,551748.74,72.4,36.6,58826.4,5.43,7.67,3.38,5.51,4.58,6.01,2.92,263.56,33.6,0.017492533,1433575,4506454.4,30147.9,81.8,14,15.2,12.9,12.3,29.7,6.1,48.2,14502,4392,3885,4063,29.1,516,39.1,20.1,29.2,28.7,29.9,26.1,30.5,26.2,29.1,26.2,34.3,11.6,11.1,10.3,12.4,12.7,14.3,13.4,12.8,7.8,14502,565,14.75,48.84,29.01,1.26,1.08,1.22,2.13,1.43,2.01,1.42,0.61,1.05,1.37,5945.35,1300.14,7245.49,34250.67,5344.28,39594.95,28952.07,10354.28,39306.34,86146.78
IIyear.MS8_TDR0.7_ebik1_eq1.csv,8,0.7,1,1,1091165.24,551909.39,72.4,36.6,58987,5.45,6,4.95,5.56,4.34,5.97,3.2,263.52,33.6,0.017489879,1433575,4497937.3,30289.9,79.6,14.1,14.9,13.4,12.4,29.7,6.1,48.7,14502,4510,3968,4163,29.9,532.5,30.8,29.1,30.1,27.9,30.1,29.1,30.5,29.5,29.8,26.8,31.4,11.9,11.3,11.6,12.6,12.7,13.6,12.6,11.7,11.6,14502,565,14.74,49.11,28.98,0.79,1.44,0.92,1.28,1.77,1.37,1.48,1.67,1.56,1.44,3731.85,1734.88,5466.73,20536.01,6571.08,27107.09,30194.21,28196.82,58391.02,90964.85
IIyear.MS8_TDR0.8_ebik0_eq0.csv,8,0.8,0,0,1267487.19,375587.44,84.1,24.9,46972.5,4.52,7.13,2.14,4.61,3.63,4.98,2.56,306.1,22.9,0.020315922,1638372,5132830.8,19708.3,98,13.9,15.1,12.8,12.2,29.7,6,47.9,14502,4234,3715,4063,28.1,493.8,38.2,18.9,28.1,27.4,28.9,24.7,29.6,25.6,28,23.4,32.7,9.1,8.8,7.9,10,9.7,11.6,10.5,10.4,5.9,14502,565,15.41,50.86,31.07,1.79,1.14,1.66,3.08,1.48,2.79,1.82,0.69,1.31,1.81,8471.99,1375.17,9847.16,49539.26,5579.92,55119.18,37181.76,11590.89,48772.65,113738.99
IIyear.MS8_TDR0.8_ebik0_eq1.csv,8,0.8,0,1,1265760.15,377314.48,84,25,48699.6,4.63,5.07,4.24,4.75,3.52,5.05,2.85,305.68,23,0.020288047,1638372,5149487.2,19430.7,102.3,13.9,14.8,13,12.2,29.4,5.9,48.1,14502,4386,3840,4163,29.1,515.1,30,28.3,29.4,26.4,29.6,27.2,29.9,28.7,29,25.7,29.7,9.5,9,9.1,10.1,10.2,10.8,10,9.5,9,14502,565,15.58,51.89,31.50,1.01,2.04,1.22,1.66,2.40,1.80,2.05,2.51,2.25,2.01,4779.53,2451.4,7230.93,26619.81,8866.16,35485.97,41868.74,42333.45,84202.2,126919.1
IIyear.MS8_TDR0.8_ebik1_eq0.csv,8,0.8,1,0,1251571.91,391502.72,83.1,26,62887.8,5.86,8.24,3.7,5.99,4.64,6.47,3.27,302.25,23.8,0.020060397,1638372,5118642.6,19944.8,90.2,14.1,15.2,13,12.4,29.6,6.1,48.5,14502,4374,3859,4063,29,513.5,38.9,20.1,29.1,28.4,29.7,26.3,30.4,26.5,29,25.8,33.4,11.3,10.9,10.2,12.1,12.3,13.4,12.9,12.6,7.6,14502,565,14.99,49.69,29.64,1.43,1.19,1.38,2.37,1.58,2.23,1.50,0.73,1.15,1.51,6727.76,1436.46,8164.23,38086.27,6025.14,44111.41,30762.62,12261.2,43023.82,95299.45
IIyear.MS8_TDR0.8_ebik1_eq1.csv,8,0.8,1,1,1251054.26,392020.37,83,26,63405.4,5.86,6.52,5.27,6.02,4.35,6.45,3.38,302.13,23.9,0.020052432,1638372,5110699.8,20077.2,88.2,14.1,15.1,13.2,12.4,29.5,6,48.9,14502,4496,3953,4163,29.8,530.6,30.9,28.9,30.1,27.6,30.1,28.8,30.3,29.3,29.9,26.2,31.5,11.6,10.9,11.2,12.3,12.2,13,12.1,11.4,11.1,14502,565,14.98,49.73,29.62,0.96,1.55,1.08,1.43,1.92,1.53,1.58,1.79,1.67,1.57,4534.51,1868.98,6403.49,22977.97,7320.37,30298.35,32232.92,30180.32,62413.23,99115.07
IIyear.MS8_TDR0.9_ebik0_eq0.csv,8,0.9,0,0,1431537.39,211537.24,95,14,47229.8,4.65,7.29,2.26,4.75,3.72,5.09,2.78,345.72,12.9,0.02294551,1843168,5744615.1,9511.9,106.3,13.8,14.9,12.8,12.1,29.2,5.9,47.8,14502,4196,3677,4063,27.8,488.5,37.7,18.9,28,26.5,28.6,24.7,29.6,24.8,27.7,24.6,32.6,8.8,8.4,7.6,9.6,9.3,11.2,10.3,9.9,5.5,14502,565,15.58,51.07,31.45,1.90,1.32,1.78,3.11,1.59,2.83,1.86,0.60,1.29,1.82,8957.51,1584.37,10541.89,49929,5921.94,55850.93,38006.83,10121.55,48128.37,114521.19
IIyear.MS8_TDR0.9_ebik0_eq1.csv,8,0.9,0,1,1428259.03,214815.6,94.8,14.3,50508.1,4.9,5.5,4.36,5.01,3.86,5.33,3.06,344.92,13.1,0.022892414,1843168,5764277.5,9184.2,111.3,13.9,14.8,13,12.2,29.2,5.9,48.1,14502,4369,3823,4163,29,512.8,29.8,28.2,29.2,26.7,29.3,27.6,29.9,28.6,28.7,25.3,29.7,9.3,8.9,8.8,9.8,9.8,10.4,9.8,9.2,8.8,14502,565,15.82,52.26,32.41,1.15,2.11,1.34,1.81,2.42,1.94,2.28,2.44,2.35,2.13,5412.59,2538.52,7951.11,29093.41,9236.18,38329.59,46570.22,41188.33,87758.55,134039.26
IIyear.MS8_TDR0.9_ebik1_eq0.csv,8,0.9,1,0,1413563.8,229510.83,93.8,15.2,65203.4,6.16,8.67,3.87,6.28,4.88,6.78,3.48,341.38,14,0.022657463,1843168,5732317.8,9716.9,99,13.9,15,13,12.3,29.5,6,48.2,14502,4362,3853,4063,29,511.8,38.8,20,29,28.7,29.7,26,30.4,26.2,28.7,26.5,33.6,10.9,10.6,9.6,11.7,12.2,12.7,12.5,12.1,7.4,14502,565,15.18,50.24,30.16,1.54,1.26,1.48,2.49,1.66,2.35,1.63,0.74,1.22,1.60,7265.31,1518.83,8784.14,39959.76,6485.96,46445.72,33266.03,12437.5,45703.53,100933.39
IIyear.MS8_TDR0.9_ebik1_eq1.csv,8,0.9,1,1,1413597.06,229477.57,93.8,15.2,65170.1,6.12,6.83,5.46,6.24,4.85,6.7,3.62,341.38,14,0.022657463,1843168,5721344.9,9899.8,96.3,14,15,13.2,12.4,29.4,6,48.4,14502,4482,3935,4163,29.7,528.6,30.8,28.8,29.9,28.3,30.1,28.4,30.6,29.3,29.5,26.8,30.4,11.2,10.5,11,12,12.2,12.3,11.6,11.2,10.8,14502,565,15.17,50.13,30.01,1.00,1.66,1.14,1.56,2.04,1.66,1.75,1.86,1.80,1.69,4733.24,2004.46,6737.7,25026.05,7673.4,32699.45,35886.3,31450.64,67336.94,106774.09
IIyear.MS8_TDR1_ebik0_eq0.csv,8,1,0,0,1594250.8,48823.83,105.8,3.2,48823.8,4.91,7.77,2.31,4.98,4.16,5.37,2.94,385.01,3,0.025553196,2047965,6350615,-588.1,111.5,13.9,15,12.9,12.2,29.6,5.9,48.1,14502,4186,3665,4063,27.8,487.1,37.7,18.8,27.8,27.2,28.6,24.3,29.4,24.9,27.6,24.6,32.5,8.8,8.4,7.5,9.7,10,11.4,10.3,10.1,5.5,14502,565,15.77,51.46,32.04,2.07,1.26,1.91,3.37,1.66,3.07,1.95,0.66,1.37,1.95,9774.99,1518.4,11293.39,54169.01,6392.87,60561.88,39856.78,11221.71,51078.48,122933.76
IIyear.MS8_TDR1_ebik0_eq1.csv,8,1,0,1,1591249.4,51825.23,105.6,3.4,51825.2,5.13,5.72,4.6,5.26,3.91,5.57,3.27,384.29,3.2,0.025505409,2047965,6370697,-922.8,117,13.9,14.9,13.1,12.3,29.4,5.9,48.4,14502,4363,3807,4163,29,511.9,29.8,28.2,29.2,26.5,29.4,27.2,29.6,28.6,28.9,25.6,29.6,9.3,8.7,8.9,10,9.9,10.7,9.7,9.2,8.9,14502,565,16.02,52.71,32.80,1.18,2.18,1.38,1.98,2.59,2.10,2.37,2.64,2.49,2.27,5570.06,2620.52,8190.58,31793.39,9727.35,41520.74,48491.11,44599.99,93091.1,142802.42
IIyear.MS8_TDR1_ebik1_eq0.csv,8,1,1,0,1574194.92,68879.71,104.5,4.6,68879.7,6.57,9.28,4.1,6.73,5,7.23,3.72,380.17,4.2,0.025231964,2047965,6343869,-475.6,106.9,14,15.1,13,12.3,29.9,6,48.2,14502,4348,3833,4063,28.9,509.8,38.7,19.9,28.9,28.4,29.5,26.1,30.2,26.1,28.7,26.1,33.9,10.7,10.2,9.6,11.4,12.4,13,12.4,11.8,7.2,14502,565,15.39,50.46,30.77,1.65,1.44,1.61,2.70,1.67,2.52,1.75,0.83,1.34,1.73,7785.34,1729.19,9514.53,43405.28,6403.68,49808.96,35900.22,14030.18,49930.39,109253.89
IIyear.MS8_TDR1_ebik1_eq1.csv,8,1,1,1,1573878.11,69196.52,104.5,4.6,69196.5,6.56,7.32,5.87,6.72,4.98,7.15,4.01,380.09,4.2,0.025226654,2047965,6334273,-315.7,104.5,14,14.9,13.1,12.3,29.4,6,48.3,14502,4463,3913,4163,29.6,525.9,30.6,28.7,29.8,27.9,29.9,28.4,30.4,29.3,29.4,25.6,31.1,11.1,10.4,10.8,11.9,11.8,12.4,11.7,10.9,10.8,14502,565,15.40,50.98,30.57,1.10,1.87,1.26,1.75,2.13,1.82,1.87,2.05,1.95,1.85,5187.42,2254.89,7442.32,28115.1,7775.18,35890.28,38278.75,34656.91,72935.66,116268.25
