FileName,MS,TDR,ebike,equity,Car Miles Total,Car Miles Reduction,Car Miles per person,Car Miles Reduction Per Person,Car Miles Cycled,Miles Cyled Per Person,Miles Cycled (males),Miles Cycled (females),Miles Cycled (white),Miles Cycled (non-white),Miles Cycled (per person with car access),Miles Cycled (per person with no car access),Total MET,MET Increase,Total Marginal MET,Marginal MET Per Person,Marginal MET Increase,CO2 Emissions (metric tonnes),CO2 Reduction (%),CO2 Total Per Person,Total Miles (incl. short walks),Total Minutes In All Trips,"Time Saved, Compared To Baseline, In Hours","Ratio Of Time, For Cycled Trips, Compared To Baseline",People W/O Car Trips (%),Males W/O Car Trips (%),Females W/O Car Trips (%),Whites W/O Car Trips (%),Whites W/O Car Trips (%),People W. Car Access W/O Car Trips (%),People W/O Car Access W/O Car Trips (%),No. People Who Now Cycle + No. Of Cyclists In Baseline,No. People Who Now Cycle,No. People Who Have Become Cyclists,% Cycl. Total Population,% Cycl. Increase Compared To Baseline,% Cycl.  Males,% Cycl.  Females,% Cycl.  White,% Cycl.  Non-W.,% Cycl. People W. Car Access,% Cycl.  People Without Car Access,% Cyclists For Group With Nssec=1,% Cyclists For Group With Nssec = 2,% Cyclists For Group With Nssec = 3,% Cyclists For Group With Nssec = 4,% Cyclists For Group With Nssec = 5,Trips Bike (%),% Trips Cycled For People With  Nssec=1,% Trips Cycled For People With  Nssec=2,% Trips Cycled For People With  Nssec=3,% Trips Cycled For People With  Nssec=4,% Trips Cycled For People With  Nssec=5,"% Trips Cycled, For Ages  20-39","% Trips Cycled, For Ages 40-59","% Trips Cycled, For Ages 60 Years Old+",YLL 20-39 Males,YLL 20-39 Females,YLL 20-39 All,YLL 40-59 Males,YLL 40-59 Females,YLL 40-59 All,YLL 60Plus Males,YLL 60Plus Females,YLL 60Plus All,YLL Total
baseline.csv,-1,-1,-1,-1,1409522.3,0,98.3,0,0,0.97,1.59,0.39,1.03,0.44,0.95,1.04,80103.6,0,63410.6,5,0,340.4,0,0.023729522,1751450,5470304,0,NaN,21.6,22.6,20.7,19.4,38.5,14.3,53.1,649,0,0,4.5,0,6.5,2.7,4.8,2.6,4.4,5.1,5.4,3.4,4.4,3.1,5.4,2,1.9,1.3,2.3,1.7,3.2,2.6,2.1,1.1,0,0,0,0,0,0,0,0,0,0
IIyear.MS1_TDR0.7_ebik0_eq0.csv,1,0.7,0,0,980052.93,429469.37,68.3,29.9,6612.7,1.24,2.03,0.51,1.29,0.83,1.29,1.03,79405.2,-698.4,62925.5,5,-485.1,236.68,30.5,0.016499129,1226015,3867012.3,26721.5,86.8,21.6,22.7,20.7,19.5,38.6,14.3,53.1,1172,552,609,8.2,80.6,11.8,4.9,8.4,6.6,8.1,8.7,9.2,7.2,7.9,6.6,8.9,3.3,3.2,2.7,3.5,3.3,4.8,4,3.7,1.8,614.3494212,-3.614702548,610.7347187,5582.455467,399.4321126,5981.88758,2927.973072,1259.852756,4187.825828,10780.44813
IIyear.MS1_TDR0.7_ebik0_eq1.csv,1,0.7,0,1,980643.31,428878.99,68.4,29.9,6022.3,1.18,1.63,0.77,1.23,0.78,1.22,1.02,79391.4,-712.2,62901.4,5,-509.2,236.83,30.4,0.016509585,1226015,3867310,26716.6,88.5,21.6,22.6,20.7,19.5,38.5,14.3,53.2,1147,521,566,8,76.7,9.8,6.3,8.3,5.7,7.9,8.4,8.8,7.8,7.9,5.1,7.7,3.2,3.1,2.9,3.5,2.5,4.2,3.8,3.5,2.3,-212.6202984,146.9854331,-65.63486523,639.1120089,756.6051596,1395.717169,3854.433958,5294.252364,9148.686322,10478.76863
IIyear.MS1_TDR0.7_ebik1_eq0.csv,1,0.7,1,0,979214.87,430307.43,68.3,30,7450.7,1.3,2.06,0.61,1.37,0.76,1.37,1.03,78221.3,-1882.3,61719.4,4.9,-1691.2,236.48,30.5,0.016485186,1226015,3867122.6,26719.7,86.5,21.6,22.7,20.7,19.5,38.6,14.3,53.2,1178,563,609,8.2,81.5,11.8,4.9,8.4,6.7,8.1,8.7,9.2,7.4,7.8,7,9,3.3,3.2,2.7,3.5,3.5,4.4,4,3.7,1.8,-21.49533238,7.002963985,-14.4923684,2968.413715,195.471496,3163.885211,2526.204222,1826.173295,4352.377517,7501.77036
IIyear.MS1_TDR0.7_ebik1_eq1.csv,1,0.7,1,1,978978.09,430544.21,68.2,30,7687.5,1.31,1.78,0.87,1.37,0.82,1.38,1,78489.1,-1614.5,61936.8,4.9,-1473.8,236.42,30.5,0.016481004,1226015,3868711.6,26693.2,89.8,21.7,22.6,20.8,19.5,38.5,14.3,53.2,1156,530,566,8.1,78.1,9.9,6.3,8.3,6,8,8.3,8.8,7.9,8,4.7,7.9,3.2,3.1,2.9,3.5,2.5,4.2,3.7,3.5,2.4,-318.4032346,22.99149809,-295.4117365,-328.7405241,455.9222526,127.1817284,1676.107131,4204.691898,5880.799029,5712.569021
IIyear.MS1_TDR0.8_ebik0_eq0.csv,1,0.8,0,0,1120499.33,289022.97,78.1,20.1,7118.5,1.37,2.25,0.57,1.43,0.92,1.43,1.13,80903.4,799.8,64173.9,5.1,763.3,270.6,20.5,0.018863716,1401160,4404236.2,17767.8,97.3,21.7,22.7,20.7,19.5,38.6,14.3,53.2,1167,551,609,8.1,79.8,11.7,4.9,8.4,6.3,8.1,8.5,9.2,7.3,7.8,6.4,8.8,3.3,3.2,2.7,3.5,3.4,4.4,4,3.8,1.8,1083.008263,49.09518906,1132.103452,7529.038308,581.0891256,8110.127433,4160.607911,1412.109725,5572.717636,14814.94852
IIyear.MS1_TDR0.8_ebik0_eq1.csv,1,0.8,0,1,1121035.63,288486.67,78.1,20.1,6582.2,1.33,1.85,0.85,1.39,0.84,1.37,1.13,80926.1,822.5,64183.1,5.1,772.5,270.73,20.5,0.018872778,1401160,4404626.4,17761.3,98.8,21.7,22.7,20.8,19.5,38.7,14.3,53.4,1151,526,566,8,77.3,9.9,6.3,8.3,6,7.9,8.5,8.8,7.8,7.9,4.7,8,3.2,3.1,2.9,3.5,2.5,4.3,3.7,3.4,2.4,170.1194843,230.8949371,401.0144214,1170.369967,923.4819143,2093.851882,4538.235939,6057.226464,10595.4624,13090.32871
IIyear.MS1_TDR0.8_ebik1_eq0.csv,1,0.8,1,0,1119018.22,290504.08,78,20.3,8599.6,1.5,2.31,0.76,1.56,1.05,1.58,1.17,79981.7,-121.9,63157.5,5,-253.1,270.24,20.6,0.01883862,1401160,4405274.6,17750.5,97.4,21.7,22.7,20.7,19.5,38.8,14.3,53.2,1180,564,609,8.2,81.8,11.8,5,8.4,6.8,8.1,8.8,9.2,7.3,7.9,7.3,9,3.3,3.2,2.8,3.6,3.6,4.7,4.2,3.8,1.8,530.2417064,62.72479595,592.9665024,3797.412946,292.3702937,4089.78324,3136.49112,1966.10666,5102.59778,9785.347522
IIyear.MS1_TDR0.8_ebik1_eq1.csv,1,0.8,1,1,1119636.01,289886.29,78.1,20.2,7981.8,1.44,1.99,0.93,1.5,0.92,1.5,1.16,79710.3,-393.3,62941.6,5,-469,270.39,20.6,0.018849076,1401160,4403586.4,17778.6,95.4,21.6,22.6,20.7,19.5,38.5,14.3,53.2,1154,529,566,8,77.8,9.9,6.4,8.3,5.9,8,8.4,8.8,7.9,7.9,4.9,7.9,3.3,3.2,2.9,3.5,2.5,4.2,3.8,3.6,2.4,33.53266169,121.5341318,155.0667935,725.4157758,678.3869487,1403.802725,2867.890672,4755.187289,7623.077961,9181.947479
IIyear.MS1_TDR0.9_ebik0_eq0.csv,1,0.9,0,0,1261702.69,147819.61,88,10.3,6867.4,1.47,2.42,0.6,1.53,0.97,1.51,1.28,81993.2,1889.6,65080.2,5.2,1669.6,304.7,10.5,0.02124085,1576305,4938701.7,8860,102,21.6,22.7,20.7,19.5,38.6,14.3,53.2,1176,559,609,8.2,81.2,11.8,4.9,8.4,6.5,8.1,8.5,9.2,7.3,7.9,6.5,9,3.2,3.1,2.6,3.5,3.4,4.4,3.9,3.6,1.8,1224.922563,71.43429752,1296.356861,8322.183546,572.8258664,8895.009413,4752.435895,1644.883301,6397.319196,16588.68547
IIyear.MS1_TDR0.9_ebik0_eq1.csv,1,0.9,0,1,1261775.07,147747.23,88,10.3,6795,1.44,2.01,0.91,1.51,0.86,1.49,1.22,82204.3,2100.7,65246.3,5.2,1835.7,304.72,10.5,0.021242245,1576305,4942042.6,8804.4,110.4,21.7,22.6,20.8,19.5,38.5,14.3,53.3,1154,527,566,8,77.8,9.9,6.3,8.3,5.8,8,8.4,8.8,7.9,7.9,5.1,7.9,3.2,3.1,2.8,3.4,2.5,4.2,3.7,3.3,2.4,461.4273092,242.4406877,703.8679968,2777.705523,957.0469072,3734.752431,5396.560439,6277.442901,11674.00334,16112.62377
IIyear.MS1_TDR0.9_ebik1_eq0.csv,1,0.9,1,0,1259281.18,150241.12,87.8,10.5,9288.9,1.65,2.59,0.79,1.73,0.99,1.73,1.3,81328.6,1225,64265.5,5.1,854.9,304.12,10.7,0.021200418,1576305,4942210.6,8801.6,106.9,21.6,22.6,20.7,19.5,38.6,14.3,53.1,1183,566,609,8.2,82.3,11.8,5,8.4,6.7,8.1,8.8,9.2,7.4,7.9,6.8,9.1,3.3,3.2,2.7,3.6,3.7,4.6,4,3.8,1.9,1035.66429,112.1216155,1147.785905,5484.737163,505.5105906,5990.247753,3716.168853,2074.591096,5790.759948,12928.79361
IIyear.MS1_TDR0.9_ebik1_eq1.csv,1,0.9,1,1,1259751.61,149770.69,87.8,10.4,8818.5,1.6,2.24,1.01,1.67,1.01,1.67,1.31,81273.3,1169.7,64219.9,5.1,809.3,304.23,10.6,0.021208086,1576305,4941841.3,8807.7,107.4,21.6,22.7,20.7,19.5,38.6,14.3,53.2,1162,537,566,8.1,79,10,6.3,8.4,6,8,8.4,8.9,8,8,4.8,8,3.3,3.2,2.9,3.5,2.6,4.3,3.8,3.5,2.4,404.3776418,174.4198394,578.7974812,1992.335756,744.5281538,2736.863909,4043.099639,5888.802455,9931.902094,13247.56349
IIyear.MS1_TDR1_ebik0_eq0.csv,1,1,0,0,1402570.7,6951.6,97.8,0.5,6951.6,1.58,2.59,0.65,1.65,1.04,1.62,1.41,83149,3045.4,66046.4,5.3,2635.8,338.72,0.5,0.023612409,1751450,5472453,-35.8,104.4,21.6,22.6,20.7,19.4,38.6,14.3,53.2,1173,556,609,8.2,80.7,11.9,4.8,8.4,6.6,8.1,8.7,9.1,7.3,7.8,6.9,9,3.2,3.1,2.5,3.5,3.6,4.5,4,3.7,1.8,1789.918792,113.3261422,1903.244935,9712.934782,710.8360078,10423.77079,4910.634139,1009.759982,5920.394121,18247.40985
IIyear.MS1_TDR1_ebik0_eq1.csv,1,1,0,1,1402502.07,7020.23,97.8,0.5,7020.2,1.57,2.2,1,1.64,1.05,1.62,1.37,83630,3526.4,66439.3,5.3,3028.7,338.7,0.5,0.023611014,1751450,5477034,-112.2,114.5,21.6,22.6,20.8,19.5,38.6,14.3,53.2,1158,533,566,8.1,78.4,9.9,6.4,8.3,5.9,8,8.4,8.8,8,8,4.8,7.8,3.2,3,2.9,3.5,2.6,4.2,3.7,3.4,2.4,729.3855633,273.0379119,1002.423475,2820.379827,1243.707036,4064.086862,5559.149671,7432.269827,12991.4195,18057.92984
IIyear.MS1_TDR1_ebik1_eq0.csv,1,1,1,0,1400125.38,9396.92,97.6,0.7,9396.9,1.77,2.75,0.88,1.86,1.04,1.85,1.45,82594.8,2491.2,65311.6,5.2,1901,338.13,0.7,0.023571279,1751450,5476903,-110,112.2,21.6,22.6,20.7,19.5,38.5,14.3,53.1,1181,566,609,8.2,82,11.8,5,8.4,6.5,8.1,8.7,9.2,7.4,7.9,7,8.9,3.3,3.2,2.8,3.6,3.8,4.6,4,3.7,1.9,1160.201329,146.2825431,1306.483872,6773.949454,543.9734755,7317.92293,4987.213373,2200.755959,7187.969332,15812.37613
IIyear.MS1_TDR1_ebik1_eq1.csv,1,1,1,1,1400922.78,8599.52,97.7,0.6,8599.5,1.69,2.35,1.08,1.76,1.13,1.75,1.41,82195.9,2092.3,64994.6,5.2,1584,338.32,0.6,0.023584524,1751450,5475142,-80.6,109.7,21.7,22.6,20.7,19.5,38.6,14.3,53.2,1149,522,566,8,77,10,6.2,8.3,5.9,7.9,8.3,8.8,7.8,7.9,4.9,7.7,3.2,3.1,2.9,3.5,2.6,4.2,3.8,3.4,2.3,608.9790493,228.2342547,837.2133039,2992.08745,888.7516337,3880.839084,5200.522103,5567.518532,10768.04063,15486.09302
IIyear.MS16_TDR0.7_ebik0_eq0.csv,16,0.7,0,0,928799.8,480722.5,64.7,33.5,57865.8,5.49,8.19,3.02,5.62,4.39,6.08,2.96,104947.7,24844.1,85278.6,6.8,21868,224.31,34.1,0.015636807,1226015,3944897,25423.5,89.2,22,23.2,20.9,19.8,39.2,14.5,54.3,5347,4983,5451,37.3,723.9,47.3,28.1,37.6,34.7,38.6,31.6,40,35.3,36.7,29.1,39.9,13.2,13,12.1,13.7,14.3,15.6,15,14.7,9.2,14247.30764,1651.276885,15898.58453,61645.35796,7541.860356,69187.21832,58996.96595,15712.28309,74709.24904,159795.0519
IIyear.MS16_TDR0.7_ebik0_eq1.csv,16,0.7,0,1,925977.32,483544.98,64.6,33.7,60688.3,5.74,6.08,5.43,5.93,4.24,6.32,3.26,108586.1,28482.5,88385.3,7,24974.7,223.62,34.3,0.015588707,1226015,3962773.5,25125.5,91.7,22,23,21.1,19.8,39.2,14.6,54,5661,5255,5667,39.5,772.3,40.1,38.9,39.9,36.2,40.3,35.9,40.6,39.2,39.5,34,38.5,13.9,13.2,13.7,14.6,14.7,15.8,14.4,13.9,13.3,8489.042581,2601.839155,11090.88174,40236.76736,10284.21119,50520.97855,65218.79482,54604.3204,119823.1152,181434.9755
IIyear.MS16_TDR0.7_ebik1_eq0.csv,16,0.7,1,0,912696.34,496825.96,63.6,34.6,73969.3,6.8,9.02,4.77,7,5.18,7.6,3.34,98382.6,18279,77742.3,6.2,14331.7,220.42,35.2,0.015365633,1226015,3964027.6,25104.6,90.7,22.1,23.1,21.1,19.9,39.1,14.5,54.4,5454,5092,5451,38,740.4,47.6,29.2,38.2,36.7,39.3,32.7,40.5,35.8,37.5,31.3,40.7,14,13.6,13.2,14.3,15.2,17,15.7,15.5,10,10326.35516,1713.07447,12039.42963,50352.19516,7039.943091,57392.13825,48025.96625,16971.79603,64997.76228,134429.3302
IIyear.MS16_TDR0.7_ebik1_eq1.csv,16,0.7,1,1,911458.86,498063.44,63.5,34.7,75206.7,6.94,7.58,6.35,7.15,5.26,7.7,3.67,98775.4,18671.8,78080.2,6.2,14669.6,220.12,35.3,0.015344719,1226015,3962186.9,25135.3,89.6,22,23,21.2,19.8,39,14.6,54,5701,5310,5667,39.7,778.4,40.4,39.1,40.1,36.6,40.7,35.8,41.5,39.7,39.4,33.2,37.9,14.5,13.9,14.4,15.1,15.1,15.6,15,14.5,13.9,7167.397944,1934.632205,9102.030149,33895.74972,8362.666388,42258.41611,52071.24641,37282.76457,89354.01098,140714.4572
IIyear.MS16_TDR0.8_ebik0_eq0.csv,16,0.8,0,0,1067085.04,342437.26,74.4,23.9,60532.8,5.84,8.76,3.18,5.97,4.8,6.46,3.19,110424.7,30321.1,89767.7,7.1,26357.1,257.7,24.3,0.017964448,1401160,4468680.2,16693.7,96.7,22,23.1,21,19.8,39.3,14.5,54.1,5349,4985,5451,37.3,724.2,47.1,28.3,37.4,36,38.5,32.1,39.9,35.2,36.7,30,39.5,13.2,13,12.1,13.8,13.8,16,14.9,14.8,9.2,15500.3925,1902.377572,17402.77007,67196.18265,8215.095106,75411.27776,64200.64416,16820.5076,81021.15175,173835.1996
IIyear.MS16_TDR0.8_ebik0_eq1.csv,16,0.8,0,1,1062014.52,347507.78,74,24.2,65603.3,6.21,6.69,5.78,6.41,4.63,6.84,3.51,115449.2,35345.6,94033.5,7.5,30622.9,256.48,24.7,0.0178794,1401160,4495946.4,16239.3,101.5,22.1,23,21.3,19.9,39.1,14.5,54.7,5635,5230,5667,39.3,768.3,39.7,38.9,39.7,36.1,40.1,35.9,40.9,39.4,39,32.7,37.4,14,13.4,13.9,14.6,14.5,15.1,14.4,14,13.5,9277.022088,2986.999057,12264.02114,44477.43731,11474.01297,55951.45028,72383.12179,62070.9871,134454.1089,202669.5803
IIyear.MS16_TDR0.8_ebik1_eq0.csv,16,0.8,1,0,1046907.18,362615.12,73,25.3,80710.7,7.48,9.87,5.29,7.68,5.91,8.32,3.86,105044.9,24941.3,83042.5,6.6,19631.9,252.83,25.7,0.017624956,1401160,4498728.4,16192.9,100.5,22.1,23.2,21.1,19.9,39.1,14.6,54.4,5448,5079,5451,38,739.4,47.6,29.2,38.2,36.1,39.2,32.8,40.7,35.8,37.2,31.3,41,14.1,13.9,13.2,14.5,14.9,17.1,16.1,15.5,10.1,11581.15173,2084.980961,13666.13269,54645.73041,7992.872591,62638.603,53363.21928,20061.84247,73425.06175,149729.7974
IIyear.MS16_TDR0.8_ebik1_eq1.csv,16,0.8,1,1,1045987.58,363534.72,72.9,25.3,81630.3,7.54,8.21,6.93,7.79,5.52,8.38,3.94,105020.2,24916.6,83044.2,6.6,19633.6,252.61,25.8,0.01760962,1401160,4489254.6,16350.8,97.9,22.1,23,21.3,19.9,39.4,14.6,54.3,5669,5268,5667,39.5,773.5,39.9,39.2,39.9,36.7,40.3,36.3,41.1,39.7,39.2,33.8,37.5,14.6,14.1,14.5,15,15.5,15.9,15.3,14.6,13.9,8312.281047,2415.346865,10727.62791,38999.36258,9158.278177,48157.64075,57536.09203,42424.88259,99960.97462,158846.2433
IIyear.MS16_TDR0.9_ebik0_eq0.csv,16,0.9,0,0,1206177.3,203345,84.1,14.2,62392.8,6.08,9.14,3.28,6.25,4.76,6.71,3.41,114807.3,34703.7,93336.6,7.4,29926,291.29,14.4,0.02030603,1576305,4997621.6,7878,105.6,22.1,23.2,21,19.9,39.2,14.6,54.2,5304,4939,5451,37,717.3,47,27.8,37.2,35,38.2,31.8,39.6,34.9,36.3,30.3,39.3,12.8,12.5,12,13.3,13.2,15.3,14.5,14.4,8.8,16286.80282,2096.903033,18383.70585,71249.85455,8343.422394,79593.27694,67343.22625,17249.27451,84592.50077,182569.4836
IIyear.MS16_TDR0.9_ebik0_eq1.csv,16,0.9,0,1,1201242.96,208279.34,83.7,14.5,67327.1,6.5,7,6.04,6.68,5.06,7.12,3.83,120345.6,40242,98032.2,7.8,34621.6,290.1,14.8,0.020223074,1576305,5023809.7,7441.6,110.4,22.1,23.1,21.2,19.8,39.6,14.5,54.4,5600,5198,5667,39,762.9,39.4,38.7,39.4,36.3,40,35.2,40.6,39,38.9,33.2,36.4,13.6,12.8,13.6,14.3,14.8,15.2,14.1,13.6,13,10083.94804,3176.905918,13260.85396,48156.35526,12688.71745,60845.07271,76762.02654,60645.1677,137407.1942,211513.1209
IIyear.MS16_TDR0.9_ebik1_eq0.csv,16,0.9,1,0,1184734.76,224787.54,82.6,15.7,83835.3,7.81,10.33,5.51,8.03,6.08,8.7,4.01,109456.4,29352.8,86511,6.9,23100.4,286.11,15.9,0.019944929,1576305,5027289,7383.6,109.7,22,23.1,21,19.8,39.1,14.5,54.4,5429,5063,5451,37.8,736.5,47.4,29.1,38,36.2,39.1,32.6,40.6,35.3,37.2,31.4,41,13.8,13.5,12.7,14.2,15.1,16.9,15.5,15.2,10,12768.65326,2216.354431,14985.00769,57268.60543,8403.369923,65671.97535,58082.82825,20491.82543,78574.65367,159231.6367
IIyear.MS16_TDR0.9_ebik1_eq1.csv,16,0.9,1,1,1184107.26,225415.04,82.5,15.7,84462.8,7.93,8.54,7.37,8.19,5.88,8.78,4.25,110066.9,29963.3,87030.4,6.9,23619.8,285.96,16,0.019934472,1576305,5018552.7,7529.2,107.1,22,23,21.2,19.8,39.4,14.5,54.2,5670,5270,5667,39.5,773.7,39.9,39.2,39.8,37.1,40.3,36.3,41,39.2,39.6,33.9,37.4,14.2,13.7,14,14.7,15.1,15.6,14.7,14.2,13.6,8822.341992,2577.743757,11400.08575,43376.49399,10020.35449,53396.84849,59956.99634,45502.83476,105459.8311,170256.7653
IIyear.MS16_TDR1_ebik0_eq0.csv,16,1,0,0,1344378.05,65144.25,93.7,4.5,65144.2,6.43,9.73,3.4,6.57,5.26,7.09,3.6,119379.8,39276.2,97108,7.7,33697.4,324.67,4.6,0.022632973,1751450,5519153,-814.1,111.9,22.1,23.2,21,19.9,39.1,14.6,54.3,5263,4893,5451,36.7,710.9,46.9,27.4,36.9,34.8,37.9,31.5,39,34.8,36.2,30.3,39.1,12.9,12.5,12.1,13.5,14.5,15.6,14.9,14.4,8.8,17559.39177,2227.824119,19787.21589,74083.69343,8686.459732,82770.15316,70972.35845,18141.48524,89113.8437,191671.2127
IIyear.MS16_TDR1_ebik0_eq1.csv,16,1,0,1,1339562.49,69959.81,93.4,4.9,69959.8,6.88,7.44,6.37,7.06,5.41,7.54,4.06,125253.9,45150.3,102095.4,8.1,38684.8,323.5,5,0.022551412,1751450,5537984,-1128,115,22.1,22.9,21.4,19.9,39.1,14.5,54.7,5605,5197,5667,39.1,763.6,39.5,38.7,39.5,35.8,39.9,35.5,40.4,38.7,39.1,33.8,37.5,13.9,13.1,13.9,14.5,15.9,15.3,14.3,13.9,13.5,10836.46592,3444.169459,14280.63538,49583.78145,12833.81678,62417.59823,82331.93284,63530.03364,145861.9665,222560.2001
IIyear.MS16_TDR1_ebik1_eq0.csv,16,1,1,0,1321268.5,88253.8,92.1,6.2,88253.8,8.37,10.96,6,8.59,6.59,9.28,4.42,114073.8,33970.2,90186.2,7.2,26775.6,319.09,6.3,0.022243987,1751450,5546679,-1272.9,115.8,22,23.1,21,19.8,39.2,14.5,54,5430,5060,5451,37.9,736.7,47.4,29.1,38,36.3,39,32.8,40.5,35.7,37.2,30.6,40.7,13.9,13.6,13,14.4,15.5,16.9,15.6,15.6,9.9,13621.18657,2261.433782,15882.62035,64712.5872,8979.746447,73692.33365,59265.21696,23240.81347,82506.03043,172080.9844
IIyear.MS16_TDR1_ebik1_eq1.csv,16,1,1,1,1318460.55,91061.75,91.9,6.3,91061.8,8.59,9.22,8.01,8.84,6.57,9.49,4.73,115606.8,35503.2,91438.1,7.3,28027.5,318.41,6.5,0.022196584,1751450,5542779,-1207.9,114.3,22.1,23,21.2,19.9,39.1,14.5,54.3,5677,5270,5667,39.6,774.7,40.2,39,39.9,36.6,40.5,35.8,41.1,39.4,39.4,34,37.8,14.5,13.9,14.3,14.9,16.4,16,15.1,14.5,13.9,9437.343168,2845.635621,12282.97879,45317.63795,10741.12222,56058.76017,65158.50853,48796.8516,113955.3601,182297.0991
IIyear.MS2_TDR0.7_ebik0_eq0.csv,2,0.7,0,0,974025.48,435496.82,67.9,30.4,12640.1,1.74,2.8,0.78,1.8,1.33,1.87,1.23,82337.1,2233.5,65500.6,5.2,2090,235.23,30.9,0.016398048,1226015,3875938.5,26572.8,87.6,21.7,22.7,20.8,19.5,38.6,14.3,53.3,1714,1129,1227,11.9,164.1,16.9,7.4,12.1,10.5,12,12,13.3,11.4,11.2,10,12.4,4.5,4.5,3.9,4.6,4.5,5.9,5.4,5.2,2.6,1971.648026,172.4615482,2144.109574,11215.32915,1055.215141,12270.54429,9559.73744,2591.96311,12151.70055,26566.35441
IIyear.MS2_TDR0.7_ebik0_eq1.csv,2,0.7,0,1,974004.74,435517.56,67.9,30.4,12660.9,1.74,2.15,1.37,1.81,1.21,1.84,1.33,83044.2,2940.6,66082.5,5.3,2671.9,235.22,30.9,0.016397351,1226015,3880652.3,26494.2,92.5,21.7,22.7,20.8,19.5,38.7,14.3,53.4,1707,1104,1192,11.9,163,13.5,10.4,12.2,9.5,11.8,12.4,12.6,11.7,11.8,9.1,12,4.5,4.3,4.2,4.7,4.2,5.8,4.9,4.8,3.6,211.0137513,383.2014856,594.2152369,4530.580501,1992.126735,6522.707236,11307.51034,12033.57077,23341.08111,30458.00358
IIyear.MS2_TDR0.7_ebik1_eq0.csv,2,0.7,1,0,970966.93,438555.37,67.7,30.6,15698.7,2,3.02,1.07,2.07,1.45,2.16,1.34,80685.3,581.7,63688.8,5.1,278.2,234.49,31.1,0.016346462,1226015,3879285,26517,88.7,21.7,22.8,20.7,19.5,38.8,14.3,53.4,1727,1145,1227,12,166.1,16.9,7.6,12.2,10.7,12,12.2,13.4,11.5,11.4,9.6,12.5,4.6,4.6,4.1,4.8,4.6,5.9,5.6,5.3,2.8,1691.559732,177.5068445,1869.066576,9832.937531,961.9360164,10794.87355,7448.159086,2690.792957,10138.95204,22802.89217
IIyear.MS2_TDR0.7_ebik1_eq1.csv,2,0.7,1,1,971322.9,438199.4,67.7,30.5,15342.7,1.95,2.42,1.53,2.03,1.37,2.09,1.39,80870.6,767,63826.5,5.1,415.9,234.57,31.1,0.016352039,1226015,3878840.7,26524.4,89,21.7,22.7,20.8,19.5,38.6,14.3,53.4,1716,1112,1192,12,164.4,13.6,10.5,12.3,9.3,11.9,12.2,12.7,11.7,11.9,9,11.9,4.5,4.3,4.3,4.7,4.6,5.8,5,4.8,3.6,96.88950837,257.2998844,354.1893928,3670.211005,1452.076594,5122.287598,7822.680928,8727.029963,16549.71089,22026.18788
IIyear.MS2_TDR0.8_ebik0_eq0.csv,2,0.8,0,0,1113657.38,295864.92,77.6,20.6,13960.5,1.95,3.14,0.86,2.02,1.38,2.08,1.39,84627.9,4524.3,67407.8,5.4,3997.2,268.95,21,0.018748693,1401160,4412263.2,17634,96.7,21.7,22.8,20.8,19.5,38.8,14.3,53.4,1689,1104,1227,11.8,160.2,16.7,7.3,12,10.2,11.8,11.9,13.2,11,11.1,9.7,12.5,4.6,4.5,3.9,4.7,4.8,6.3,5.5,5.3,2.6,2641.639833,242.5906923,2884.230525,14323.60658,1165.347449,15488.95403,10811.3561,3261.145927,14072.50203,32445.68658
IIyear.MS2_TDR0.8_ebik0_eq1.csv,2,0.8,0,1,1114823.68,294698.62,77.7,20.5,12794.2,1.87,2.33,1.44,1.94,1.28,1.96,1.48,84650.2,4546.6,67410.9,5.4,4000.3,269.23,20.9,0.018768212,1401160,4412782,17625.4,97.8,21.7,22.7,20.8,19.6,38.6,14.4,53.3,1694,1091,1192,11.8,161,13.4,10.4,12.1,9.2,11.7,12.3,12.5,11.7,11.5,9,12.2,4.4,4.2,4.1,4.7,4.3,5.8,5,4.7,3.5,744.5239,458.1999853,1202.723885,6157.713903,2309.122425,8466.836328,11911.33052,12951.32507,24862.65559,34532.2158
IIyear.MS2_TDR0.8_ebik1_eq0.csv,2,0.8,1,0,1110082.3,299440,77.4,20.9,17535.5,2.22,3.35,1.19,2.3,1.6,2.39,1.51,82869.8,2766.2,65450.2,5.2,2039.6,268.08,21.2,0.018688045,1401160,4416149,17569.2,98.7,21.7,22.7,20.8,19.5,38.8,14.3,53.3,1720,1136,1227,12,165,16.9,7.5,12.2,10.4,12,12.2,13.5,11.1,11.3,9.9,12.4,4.7,4.6,4.2,4.9,4.5,5.9,5.6,5.4,2.8,1947.393478,257.3249476,2204.718426,12041.51815,1287.417484,13328.93564,8325.978675,3155.731412,11481.71009,27015.36415
IIyear.MS2_TDR0.8_ebik1_eq1.csv,2,0.8,1,1,1111040.95,298481.35,77.5,20.8,16576.9,2.18,2.72,1.68,2.28,1.34,2.32,1.58,82904.9,2801.3,65475,5.2,2064.4,268.32,21.2,0.018704775,1401160,4412962.8,17622.4,95.8,21.7,22.7,20.8,19.5,38.7,14.3,53.4,1709,1109,1192,11.9,163.3,13.6,10.4,12.2,9.5,11.9,12.3,12.6,11.8,11.7,9,12,4.6,4.3,4.4,4.8,4.6,5.8,5.1,4.8,3.7,443.0454383,339.226034,782.2714723,5396.017871,1870.620107,7266.637978,9249.892718,9678.84839,18928.74111,26977.65056
IIyear.MS2_TDR0.9_ebik0_eq0.csv,2,0.9,0,0,1254557.37,154964.93,87.5,10.8,14012.7,2.06,3.3,0.93,2.13,1.5,2.18,1.55,86170.1,6066.5,68677,5.5,5266.4,302.98,11,0.021120948,1576305,4945891.2,8740.2,103.6,21.8,22.8,20.8,19.6,38.8,14.4,53.4,1699,1117,1227,11.8,161.8,16.7,7.4,12,10.7,11.8,12.1,13.3,11.3,11,9.4,12.8,4.4,4.4,3.8,4.6,4.3,6,5.3,5.2,2.5,2731.384987,298.588967,3029.973954,16965.88473,1419.399577,18385.28431,10913.93491,2925.899465,13839.83438,35255.09264
IIyear.MS2_TDR0.9_ebik0_eq1.csv,2,0.9,0,1,1255133.43,154388.87,87.5,10.8,13436.6,2.02,2.54,1.55,2.12,1.22,2.12,1.62,86551.3,6447.7,68987.6,5.5,5577,303.11,11,0.02113001,1576305,4950066.5,8670.6,108.5,21.7,22.7,20.8,19.6,38.6,14.3,53.4,1688,1083,1192,11.8,160.1,13.4,10.3,12.1,9.2,11.7,12.2,12.4,11.7,11.6,9.1,11.9,4.4,4.2,4.1,4.6,4.5,5.9,4.9,4.6,3.5,1141.589753,522.0794311,1663.669184,7500.588772,2246.976914,9747.565686,14964.17966,12751.55794,27715.73761,39126.97248
IIyear.MS2_TDR0.9_ebik1_eq0.csv,2,0.9,1,0,1249522.22,160000.08,87.1,11.2,19047.9,2.45,3.68,1.32,2.53,1.81,2.62,1.71,84997.5,4893.9,67167,5.3,3756.4,301.76,11.4,0.021035901,1576305,4953256,8617.5,108.6,21.7,22.8,20.8,19.5,38.9,14.3,53.6,1724,1141,1227,12,165.6,16.9,7.6,12.2,10.7,12,12.2,13.4,11.4,11.3,9.6,12.6,4.6,4.7,4.1,4.8,4.5,5.9,5.6,5.4,2.7,2576.968415,330.4662815,2907.434696,14154.76443,1371.195701,15525.96013,9089.764619,3336.317664,12426.08228,30859.47711
IIyear.MS2_TDR0.9_ebik1_eq1.csv,2,0.9,1,1,1250941.29,158581.01,87.2,11.1,17628.8,2.36,2.97,1.81,2.48,1.39,2.53,1.67,84752.6,4649,66973.7,5.3,3563.1,302.1,11.3,0.021059603,1576305,4951809.8,8641.6,108,21.7,22.7,20.8,19.5,38.8,14.3,53.4,1709,1107,1192,11.9,163.3,13.5,10.5,12.2,9.6,11.8,12.3,12.8,11.9,11.6,8.8,11.7,4.5,4.3,4.2,4.8,4.7,5.8,5.1,4.8,3.6,690.7302209,415.2539926,1105.984214,5049.524012,2012.761878,7062.28589,11830.78847,9345.471164,21176.25963,29344.52973
IIyear.MS2_TDR1_ebik0_eq0.csv,2,1,0,0,1395036.39,14485.91,97.2,1,14485.9,2.22,3.59,0.97,2.3,1.63,2.34,1.76,87935.8,7832.2,70149.6,5.6,6739,336.9,1,0.023485535,1751450,5477181,-114.6,107,21.7,22.8,20.7,19.5,38.6,14.3,53.4,1689,1106,1227,11.8,160.2,16.8,7.2,11.9,10.5,11.7,12,13.1,11.2,11,9.9,12.2,4.5,4.5,4,4.6,4.8,6.1,5.4,5.2,2.6,3541.399494,321.9574097,3863.356904,17776.86225,1479.749474,19256.61172,12663.74826,3551.796065,16215.54432,39335.51295
IIyear.MS2_TDR1_ebik0_eq1.csv,2,1,0,1,1395357.67,14164.63,97.3,1,14164.6,2.17,2.75,1.65,2.27,1.42,2.27,1.75,88269,8165.4,70418.3,5.6,7007.7,336.98,1,0.023491112,1751450,5481849,-192.4,112.2,21.7,22.7,20.8,19.5,38.8,14.3,53.5,1688,1084,1192,11.8,160.1,13.3,10.3,12,9.5,11.7,12.3,12.5,11.7,11.4,9.2,12.1,4.4,4.2,4.2,4.6,4.5,5.9,4.9,4.8,3.5,1271.367091,573.9614912,1845.328583,8030.094292,2452.507283,10482.60158,15345.72783,13667.10811,29012.83594,41340.7661
IIyear.MS2_TDR1_ebik1_eq0.csv,2,1,1,0,1389788.51,19733.79,96.9,1.4,19733.8,2.63,3.92,1.45,2.74,1.79,2.81,1.85,86532,6428.4,68418,5.4,5007.4,335.63,1.4,0.023397002,1751450,5484803,-241.7,113,21.7,22.8,20.8,19.5,38.8,14.3,53.5,1717,1131,1227,12,164.6,16.8,7.6,12.2,10.5,12,12,13.3,11.3,11.2,10.3,12.4,4.7,4.6,4.3,4.8,5,5.9,5.6,5.3,2.7,3034.184942,334.1308609,3368.315803,14907.80878,1495.20607,16403.01485,10512.75474,3643.649167,14156.40391,33927.73455
IIyear.MS2_TDR1_ebik1_eq1.csv,2,1,1,1,1390805.7,18716.6,97,1.3,18716.6,2.56,3.23,1.96,2.68,1.6,2.71,1.94,86437.3,6333.7,68343.7,5.4,4933.1,335.88,1.3,0.02341443,1751450,5484234,-232.2,113,21.7,22.6,20.8,19.5,38.6,14.3,53.4,1711,1106,1192,11.9,163.6,13.5,10.5,12.2,9.3,11.8,12.4,12.6,11.9,11.8,8.8,11.9,4.6,4.4,4.4,4.8,4.9,5.9,5.1,4.9,3.7,1242.274917,475.1174764,1717.392393,6811.476944,2055.197451,8866.674394,11407.80604,10445.59075,21853.39679,32437.46358
IIyear.MS32_TDR0.7_ebik0_eq0.csv,32,0.7,0,0,911458.97,498063.33,63.5,34.7,75206.6,6.94,10.08,4.07,7.05,6.09,7.7,3.67,113494.9,33391.3,92794.9,7.4,29384.3,220.12,35.3,0.015344719,1226015,3970329.1,24999.6,88.9,22.2,23.4,21.1,20,39.4,14.6,54.5,7047,6770,7412,49.1,985.8,59,40.1,49.2,48.1,50.8,41.8,52.1,47.2,48.6,40.4,49.6,17,16.8,15.4,17.8,18.3,19.3,18.8,18.2,13.3,17148.82457,2528.648568,19677.47314,82718.19034,10154.79431,92872.98465,84247.71305,28001.67581,112249.3889,224799.8466
IIyear.MS32_TDR0.7_ebik0_eq1.csv,32,0.7,0,1,903134.17,506388.13,63,35.3,83531.4,7.6,8.12,7.12,7.86,5.49,8.42,4.05,120042.4,39938.8,98421.6,7.8,35011,218.11,35.9,0.015204601,1226015,4004824.8,24424.7,92.5,22.3,23,21.6,20.1,39.2,14.6,55,7490,7188,7823,52.2,1054.1,52.7,51.8,53,46.3,53.8,45.6,54.4,52.5,51.9,44.8,47.7,18.4,17.9,18,19.1,19.9,19.2,18.8,18.3,18.1,12004.45091,3905.709948,15910.16086,59226.46862,14175.23613,73401.70475,92063.1687,72303.18261,164366.3513,253678.2169
IIyear.MS32_TDR0.7_ebik1_eq0.csv,32,0.7,1,0,888685.03,520837.27,62,36.3,97980.6,8.82,11.1,6.74,9.07,6.9,9.86,4.35,105895.1,25791.5,83744.4,6.7,20333.8,214.62,37,0.014961311,1226015,3996038.7,24571.1,90.1,22.2,23.2,21.2,20,39.1,14.6,54.5,7185,6909,7412,50.1,1007.1,59.4,41.5,50.2,49.2,51.8,42.8,53.5,47.6,49.8,39.9,50.8,18.1,17.9,16.8,18.8,18.7,20.6,19.7,19.6,14.4,12476.62588,2417.455535,14894.08142,59447.53666,10118.57752,69566.11418,65905.98372,29538.00283,95443.98654,179904.1821
IIyear.MS32_TDR0.7_ebik1_eq1.csv,32,0.7,1,1,882320.74,527201.56,61.5,36.8,104344.9,9.23,10.1,8.44,9.54,6.81,10.37,4.35,107276.6,27173,84839.7,6.8,21429.1,213.08,37.4,0.014853956,1226015,4006087.1,24403.6,90.6,22.3,23.2,21.5,20.1,39.7,14.7,55.3,7589,7299,7823,52.9,1069.3,53.4,52.4,53.5,48,54.5,46.2,55,52.9,52.8,44.5,49.8,19.1,18.5,19,19.6,20.7,20.2,19.8,19,18.5,10151.95017,2855.350392,13007.30056,51304.4652,11096.23656,62400.70176,67691.6584,53046.30499,120737.9634,196145.9657
IIyear.MS32_TDR0.8_ebik0_eq0.csv,32,0.8,0,0,1047214.17,362308.13,73,25.3,80403.7,7.52,10.86,4.46,7.65,6.46,8.35,3.94,121687.7,41584.1,99535.3,7.9,36124.7,252.9,25.7,0.017629836,1401160,4495653.8,16244.2,97.2,22.2,23.3,21.1,19.9,39.8,14.6,54.8,7029,6751,7412,49,983.1,58.8,40,49.1,48.5,50.6,42.1,52.2,46.9,48.3,39.7,50.4,17.1,16.9,15.4,18.1,18.1,19.8,18.8,18.7,13,18644.02457,2851.058361,21495.08293,89588.84768,11123.07961,100711.9273,90276.508,30381.70522,120658.2132,242865.2234
IIyear.MS32_TDR0.8_ebik0_eq1.csv,32,0.8,0,1,1037369.51,372152.79,72.3,25.9,90248.3,8.24,8.75,7.77,8.51,6.07,9.14,4.34,129566.4,49462.8,106250.4,8.5,42839.8,250.52,26.4,0.017463925,1401160,4536303.6,15566.7,102.1,22.3,23.3,21.4,20.1,39.4,14.7,55,7515,7204,7823,52.4,1057.9,53,51.9,52.9,48.1,53.9,45.9,54.5,52.3,52.1,44.9,49.6,18.6,17.8,18.5,19.2,20.2,19.7,18.8,18.4,18.3,13132.26671,4124.003241,17256.26995,65026.17149,15488.40917,80514.58066,101751.4161,80110.14874,181861.5649,279632.4155
IIyear.MS32_TDR0.8_ebik1_eq0.csv,32,0.8,1,0,1018190.36,391331.94,71,27.3,109427.5,9.78,12.12,7.65,10.03,7.85,10.97,4.67,114861.4,34757.8,90826.9,7.2,27416.3,245.89,27.8,0.017141164,1401160,4532907,15623.3,100.2,22.3,23.5,21.3,20.1,39.3,14.7,55.1,7214,6938,7412,50.3,1011.6,59.6,41.8,50.4,49.4,51.9,43.3,53.8,47.9,49.7,40.6,51.1,18.5,18.3,17.3,19.1,19.2,20.4,20.3,19.8,14.6,14185.37053,2876.860671,17062.2312,69947.24633,11088.34933,81035.59565,75324.31297,34273.86126,109598.1742,207696.0011
IIyear.MS32_TDR0.8_ebik1_eq1.csv,32,0.8,1,1,1015528.39,393993.91,70.8,27.5,112089.4,10.09,11.11,9.15,10.43,7.38,11.26,5.01,115739.9,35636.3,91565.9,7.3,28155.3,245.25,28,0.017096549,1401160,4529219,15684.8,98.7,22.3,23.3,21.4,20.1,39.3,14.7,54.8,7600,7303,7823,53,1071,53.8,52.3,53.6,48.2,54.4,47,55,53.1,52.9,44,49.7,19.4,19,19,19.8,21.3,20.5,19.9,19.3,19,11770.52762,3448.764117,15219.29174,58020.45779,12203.63705,70224.09484,78371.63981,59613.11296,137984.7528,223428.1393
IIyear.MS32_TDR0.9_ebik0_eq0.csv,32,0.9,0,0,1186410.12,223112.18,82.7,15.6,82159.9,7.75,11.31,4.5,7.88,6.7,8.55,4.31,126965.4,46861.8,103801,8.3,40390.4,286.52,15.8,0.01997351,1576305,5015884.6,7573.7,105,22.1,23.3,21,19.9,39.1,14.5,54.6,6952,6670,7412,48.5,971.2,58.1,39.7,48.5,48.1,50.1,41.7,51.4,46.8,47.8,40.3,49.5,16.5,16.2,15.1,17.2,17.7,18.8,18.3,17.9,12.4,19644.71155,3144.954287,22789.66584,92711.05781,11543.32003,104254.3778,90886.63274,31444.66714,122331.2999,249375.3436
IIyear.MS32_TDR0.9_ebik0_eq1.csv,32,0.9,0,1,1176298.89,233223.41,82,16.3,92271.2,8.58,9.17,8.04,8.86,6.36,9.45,4.86,136092.3,55988.7,111563.4,8.9,48152.8,284.08,16.5,0.019803416,1576305,5059042.9,6854.4,110.7,22.3,23.3,21.3,20.1,39.4,14.7,55,7475,7172,7823,52.1,1051.8,52.6,51.7,52.7,47.1,53.6,45.8,54.4,51.8,52.1,44.2,48.3,18,17.4,17.5,18.8,19.8,18.6,18.2,17.9,17.9,14131.38451,4540.915391,18672.2999,68796.43738,16678.50583,85474.94321,104335.8111,80851.13216,185186.9432,289334.1863
IIyear.MS32_TDR0.9_ebik1_eq0.csv,32,0.9,1,0,1156007.78,253514.52,80.6,17.7,112562.3,10.15,12.64,7.87,10.41,8.12,11.34,5,120325.4,40221.8,95141.4,7.6,31730.8,279.18,18,0.019461833,1576305,5055576.1,6912.1,109,22.2,23.2,21.3,20,39.5,14.6,55,7145,6859,7412,49.8,1000.9,59,41.4,49.9,49.2,51.5,42.4,53.1,47.8,49.1,40.5,50.7,17.9,17.7,17,18.4,18.4,20,19.5,19.4,14.1,15292.03833,3118.046456,18410.08478,72665.44781,12156.74862,84822.19644,77073.05288,36040.69484,113113.7477,216346.0289
IIyear.MS32_TDR0.9_ebik1_eq1.csv,32,0.9,1,1,1150002.14,259520.16,80.2,18.1,118567.9,10.65,11.45,9.91,11,7.81,11.85,5.43,122467.1,42363.5,96860.8,7.7,33450.2,277.73,18.4,0.019360753,1576305,5055896,6906.8,107.9,22.3,23.2,21.5,20.1,39.5,14.7,54.9,7568,7274,7823,52.8,1066.1,53.5,52.1,53.3,48.7,54.2,46.5,54.9,52.7,52.8,43.1,49.9,18.9,18.2,18.6,19.7,19.7,20.3,19.4,18.7,18.7,13202.14799,3770.495834,16972.64382,60299.75967,13171.76884,73471.52851,83358.44738,60345.74071,143704.1881,234148.3604
IIyear.MS32_TDR1_ebik0_eq0.csv,32,1,0,0,1325187.42,84334.88,92.4,5.9,84334.9,8.14,11.91,4.69,8.27,7.12,8.93,4.74,132016.9,51913.3,107972.3,8.6,44561.7,320.03,6,0.022309516,1751450,5522030,-862.1,109.3,22.1,23.2,21.1,19.9,39.2,14.5,54.6,6969,6685,7412,48.6,973.8,58.8,39.3,48.7,47.7,50.2,41.9,51.8,46.8,47.8,41.3,48,16.7,16.4,15.3,17.5,18.9,19,18.5,18.3,12.5,21207.88324,3229.741624,24437.62487,95863.41465,12707.81463,108571.2293,98840.01774,30005.96982,128845.9876,261854.8417
IIyear.MS32_TDR1_ebik0_eq1.csv,32,1,0,1,1312344.16,97178.14,91.5,6.8,97178.1,9.14,9.74,8.6,9.44,6.79,10.04,5.29,143057.9,62954.3,117343.9,9.3,53933.3,316.93,6.9,0.022093412,1751450,5567655,-1622.5,115.7,22.2,23.1,21.4,20,39.3,14.5,54.9,7462,7148,7823,52,1049.8,52.4,51.6,52.6,47.8,53.5,45.9,54,51.4,52.3,44,48.9,18.4,17.6,18.2,19.3,20.6,19.7,18.8,18.2,18.3,15103.62968,5037.368203,20140.99789,72062.00822,17204.7875,89266.79572,109400.8361,85532.92649,194933.7626,304341.5562
IIyear.MS32_TDR1_ebik1_eq0.csv,32,1,1,0,1290544.48,118977.82,90,8.3,118977.8,10.92,13.56,8.51,11.16,9,12.16,5.6,126550.4,46446.8,100064.9,8,36654.3,311.67,8.4,0.021726734,1751450,5566061,-1596,114.5,22.2,23.2,21.3,20,39.6,14.6,54.8,7146,6875,7412,49.8,1001.1,59,41.4,49.9,49.1,51.3,43.4,52.7,48,49.4,40.3,50.8,18.2,17.9,17.2,18.8,19.4,20.6,20.1,19.4,14.5,16911.01292,3444.823345,20355.83626,78834.59995,12905.72085,91740.3208,84207.99266,38414.19877,122622.1914,234718.3485
IIyear.MS32_TDR1_ebik1_eq1.csv,32,1,1,1,1283629.86,125892.44,89.5,8.8,125892.4,11.42,12.47,10.47,11.79,8.53,12.7,5.89,129070.5,48966.9,102087.1,8.1,38676.5,310,8.9,0.021610317,1751450,5570175,-1664.5,114.4,22.2,23.2,21.4,20.1,39.3,14.6,55.1,7564,7267,7823,52.7,1065.5,53.3,52.2,53.2,49.2,54.1,46.9,54.5,53,52.5,45.6,50.1,19.3,18.7,18.8,19.9,21.8,20.8,19.8,19.1,19,13828.26214,3804.280191,17632.54233,65950.89976,14556.76815,80507.66791,88896.88517,63317.40437,152214.2895,250354.4998
IIyear.MS4_TDR0.7_ebik0_eq0.csv,4,0.7,0,0,964034.15,445488.15,67.2,31.1,22631.5,2.58,4.08,1.21,2.66,1.89,2.8,1.64,87680.3,7576.7,70143.4,5.6,6732.8,232.81,31.6,0.016229348,1226015,3892091.3,26303.5,89.1,21.9,23,20.8,19.7,39,14.4,53.8,2510,1974,2160,17.5,286.7,23.8,11.7,17.7,15.5,17.8,16.4,18.8,16.9,16.7,14,19.6,6.4,6.1,5.9,6.8,6.8,8.6,7.5,7.4,3.8,5763.325473,507.1696093,6270.495082,24533.21625,2449.775586,26982.99183,18533.78573,4242.419855,22776.20559,56029.6925
IIyear.MS4_TDR0.7_ebik0_eq1.csv,4,0.7,0,1,964359.41,445162.89,67.2,31,22306.2,2.54,2.94,2.17,2.62,1.83,2.74,1.65,87749.6,7646,70223.1,5.6,6812.5,232.89,31.6,0.016234925,1226015,3896492.6,26230.2,91.7,21.8,22.7,20.9,19.6,38.5,14.4,53.5,2511,1955,2157,17.5,286.9,18.6,16.5,17.8,15,17.7,16.5,18.6,17.6,16.9,14.7,17.4,6.4,6.2,6.3,6.6,7,7.8,6.9,6.8,5.5,2285.028212,869.1624462,3154.190659,13495.56251,3983.87201,17479.43452,26934.74705,20868.16787,47802.91493,68436.5401
IIyear.MS4_TDR0.7_ebik1_eq0.csv,4,0.7,1,0,956987.17,452535.13,66.7,31.5,29678.4,3.15,4.55,1.87,3.25,2.34,3.46,1.82,85263.3,5159.7,67305.1,5.4,3894.5,231.11,32.1,0.01611084,1226015,3902302.2,26133.4,91.6,21.8,22.8,20.8,19.5,39,14.3,53.6,2547,2014,2160,17.8,292.4,24.1,12,18,15.8,18,16.6,19.1,17.1,16.9,15.3,19.5,6.8,6.5,6.3,7,7.4,8.7,7.9,7.9,4,3615.628548,406.4190507,4022.047598,20644.74743,2301.448921,22946.19635,17135.59129,4856.645847,21992.23714,48960.48109
IIyear.MS4_TDR0.7_ebik1_eq1.csv,4,0.7,1,1,959176.51,450345.79,66.9,31.4,27489.1,2.97,3.52,2.48,3.07,2.22,3.24,1.81,84231.6,4128,66502.9,5.3,3092.3,231.64,32,0.016147787,1226015,3896550.6,26229.2,89.7,21.8,22.8,20.9,19.6,38.8,14.4,53.7,2559,2003,2157,17.8,294.3,19.2,16.6,18.2,15.1,18.1,17,19,17.8,17.2,14.5,18.1,6.7,6.5,6.4,6.8,7,8,7.2,7,5.7,1737.526863,600.3668127,2337.893676,10320.03713,2949.000478,13269.03761,19200.04042,15203.88074,34403.92115,50010.85244
IIyear.MS4_TDR0.8_ebik0_eq0.csv,4,0.8,0,0,1103279.26,306243.04,76.9,21.3,24338.6,2.81,4.43,1.33,2.89,2.12,3.04,1.81,90474.5,10370.9,72454.5,5.8,9043.9,266.44,21.7,0.018573719,1401160,4423436,17447.8,95.9,21.8,22.8,20.8,19.6,39,14.4,53.6,2503,1969,2160,17.4,285.7,23.8,11.7,17.7,15.6,17.8,16,18.7,16.7,16.6,15.3,19.4,6.4,6.2,5.8,6.7,7.2,8.7,7.6,7.6,3.6,6471.947714,580.8130788,7052.760793,27098.6633,2796.213422,29894.87672,18742.60437,5011.678109,23754.28248,60701.91999
IIyear.MS4_TDR0.8_ebik0_eq1.csv,4,0.8,0,1,1102863.18,306659.12,76.9,21.4,24754.7,2.83,3.25,2.44,2.94,1.94,3.04,1.89,91393.9,11290.3,73245.7,5.8,9835.1,266.34,21.8,0.018566748,1401160,4433921.4,17273,101.9,21.9,22.9,20.9,19.6,39.2,14.4,54,2536,1985,2157,17.7,290.8,18.8,16.6,18,15,17.8,17,18.6,17.6,17.3,14.7,17.6,6.5,6.4,6.2,6.8,6.7,7.9,7.1,6.7,5.7,2567.10774,1079.500002,3646.607741,15398.01068,4305.039901,19703.05058,27897.4039,21669.41701,49566.82091,72916.47923
IIyear.MS4_TDR0.8_ebik1_eq0.csv,4,0.8,1,0,1095345.52,314176.78,76.4,21.9,32272.3,3.46,4.97,2.08,3.57,2.53,3.78,2.08,88428.5,8324.9,69844.5,5.6,6433.9,264.53,22.3,0.018440572,1401160,4438073.8,17203.8,101.3,21.9,22.9,20.9,19.7,39.1,14.4,53.9,2541,2010,2160,17.7,291.5,23.9,12,17.9,16,18,16.6,19,17.1,16.8,14.5,20.5,6.9,6.5,6.4,7.2,7.4,9,8,7.9,4.2,4636.142047,551.0954335,5187.23748,24897.22662,2431.204586,27328.43121,20128.21275,5923.305682,26051.51844,58567.18712
IIyear.MS4_TDR0.8_ebik1_eq1.csv,4,0.8,1,1,1097315.61,312206.69,76.5,21.8,30302.2,3.28,3.83,2.79,3.41,2.26,3.55,2.11,87192.1,7088.5,68891,5.5,5480.4,265,22.2,0.018473336,1401160,4430529.4,17329.6,98.1,21.8,22.8,20.9,19.6,38.9,14.4,53.8,2569,2015,2157,17.9,295.8,19.1,16.8,18.2,15.2,18,17.5,19.1,17.5,17.5,14.8,17.9,6.7,6.5,6.5,6.9,7.2,8.2,7.2,7.1,5.8,2105.140763,751.4437714,2856.584535,12510.83286,3349.725032,15860.55789,22598.10143,15740.5857,38338.68712,57055.82955
IIyear.MS4_TDR0.9_ebik0_eq0.csv,4,0.9,0,0,1243533.69,165988.61,86.7,11.6,25036.4,2.97,4.69,1.39,3.07,2.15,3.21,1.93,92766,12662.4,74341.3,5.9,10930.7,300.31,11.8,0.02093482,1576305,4958873.9,8523.8,105.7,21.8,22.8,20.8,19.6,38.8,14.4,53.5,2474,1942,2160,17.2,281.2,23.6,11.4,17.5,15.1,17.6,15.6,18.6,16.5,16.6,14,19.2,6.3,6.1,5.9,6.6,6.7,8.4,7.5,7.3,3.6,6642.694044,704.8068891,7347.500933,30760.94095,2821.0032,33581.94415,20965.76828,5099.206031,26064.97432,66994.4194
IIyear.MS4_TDR0.9_ebik0_eq1.csv,4,0.9,0,1,1243294.46,166227.84,86.7,11.6,25275.6,2.98,3.46,2.53,3.1,2.01,3.22,1.93,93761.3,13657.7,75184,6,11773.4,300.26,11.8,0.020931335,1576305,4968082.8,8370.4,111.3,21.8,22.7,20.9,19.6,38.7,14.4,53.5,2525,1969,2157,17.6,289.1,18.8,16.5,17.9,14.9,17.8,17,18.6,17.6,17.1,14.5,17.2,6.4,6.1,6.2,6.6,6.6,7.9,6.9,6.7,5.5,3010.835372,1123.048632,4133.884004,16475.09869,4334.210175,20809.30886,29583.17154,23292.49899,52875.67053,77818.86339
IIyear.MS4_TDR0.9_ebik1_eq0.csv,4,0.9,1,0,1235449.32,174072.98,86.1,12.1,33120.7,3.6,5.23,2.11,3.73,2.61,3.93,2.2,90487.2,10383.6,71507.8,5.7,8097.2,298.36,12.4,0.020798885,1576305,4969375.7,8348.8,109.3,21.8,22.8,20.8,19.6,39,14.4,53.7,2529,1995,2160,17.6,289.7,23.9,11.9,17.8,16,17.9,16.5,18.9,16.9,16.8,14.8,20.3,6.6,6.4,6.1,6.7,7.5,8.9,7.8,7.6,4,5262.740517,648.4830432,5911.22356,26666.74189,2687.769237,29354.51113,23826.63531,5954.575986,29781.2113,65046.94598
IIyear.MS4_TDR0.9_ebik1_eq1.csv,4,0.9,1,1,1236766.54,172755.76,86.2,12,31803.5,3.5,4.13,2.93,3.61,2.64,3.81,2.21,89759.8,9656.2,70928,5.6,7517.4,298.68,12.3,0.020821192,1576305,4963867.4,8440.6,106.5,21.8,22.8,20.9,19.6,38.8,14.4,53.6,2571,2015,2157,17.9,296.1,19.2,16.8,18.2,15.4,18,17.5,19,17.7,17.5,14.5,18.2,6.6,6.3,6.4,6.9,7,8.3,7.2,6.9,5.7,2615.648665,907.6408416,3523.289507,14794.38165,3598.815691,18393.19734,23486.89478,17538.365,41025.25978,62941.74663
IIyear.MS4_TDR1_ebik0_eq0.csv,4,1,0,0,1383390.74,26131.56,96.4,1.8,26131.6,3.16,5.01,1.48,3.27,2.35,3.41,2.14,94967.3,14863.7,76171.9,6.1,12761.3,334.09,1.9,0.023289648,1751450,5487899,-293.2,110.6,21.8,22.9,20.8,19.6,38.7,14.4,53.6,2486,1952,2160,17.3,283.1,23.7,11.5,17.6,15.3,17.6,16.2,18.6,16.6,16.5,14.9,19.6,6.4,6.1,5.7,6.7,7.3,8.4,7.6,7.4,3.6,7355.527067,794.2635755,8149.790642,32610.23175,3170.04014,35780.27189,22050.5546,5677.363643,27727.91824,71657.98077
IIyear.MS4_TDR1_ebik0_eq1.csv,4,1,0,1,1383113.85,26408.45,96.4,1.8,26408.5,3.2,3.73,2.72,3.32,2.21,3.41,2.31,96220.5,16116.9,77240,6.2,13829.4,334.02,1.9,0.023284768,1751450,5495661,-422.6,114.8,21.8,22.8,21,19.6,39,14.4,53.7,2524,1970,2157,17.6,288.9,18.8,16.5,17.9,15,17.7,17.1,18.7,17.5,17.1,14.5,17.2,6.5,6.2,6.5,6.7,6.9,7.8,7,6.8,5.7,3338.944301,1281.731317,4620.675617,19171.56831,4731.737086,23903.3054,32165.69506,22973.15799,55138.85305,83662.83407
IIyear.MS4_TDR1_ebik1_eq0.csv,4,1,1,0,1375313.98,34208.32,95.9,2.4,34208.3,3.87,5.57,2.32,3.99,2.87,4.21,2.4,92618.6,12515,73232.8,5.8,9822.2,332.14,2.4,0.023153712,1751450,5496587,-438.1,113.6,21.8,22.8,20.9,19.6,38.8,14.4,53.7,2523,1992,2160,17.6,288.8,23.8,11.9,17.8,15.6,17.9,16.5,18.7,17.1,16.9,14.7,19.4,6.7,6.4,6.3,7,7.6,8.9,7.7,7.8,4,5850.763901,739.9227098,6590.68661,28236.70784,3069.205883,31305.91372,24621.875,6851.847742,31473.72274,69370.32308
IIyear.MS4_TDR1_ebik1_eq1.csv,4,1,1,1,1375943.19,33579.11,95.9,2.3,33579.1,3.76,4.32,3.25,3.9,2.59,4.07,2.43,92138.6,12035,72877,5.8,9466.4,332.29,2.4,0.023164169,1751450,5495685,-423,113.6,21.8,22.8,20.9,19.6,39.1,14.4,53.8,2552,1998,2157,17.8,293.2,18.9,16.8,18.1,15.4,17.9,17.4,18.8,17.6,17.3,15.2,17.6,6.7,6.4,6.5,6.9,7.6,8.2,7.2,7,5.8,2955.987267,963.9650617,3919.952328,16162.04329,3969.404196,20131.44749,26120.9567,17824.78124,43945.73795,67997.13776
IIyear.MS64_TDR0.7_ebik0_eq0.csv,64,0.7,0,0,894527.42,514994.88,62.4,35.9,92138.2,8.36,11.56,5.44,8.57,6.73,9.31,4.3,121939.1,41835.5,100220.4,8,36809.8,216.03,36.5,0.015059603,1226015,3990374.7,24665.5,87.8,22.3,23.4,21.2,20,39.6,14.6,55.1,8602,8384,9135,60,1225.4,67.8,52.8,60.2,57.8,61.9,51.9,64,58.6,58.5,50.6,59.4,20.7,20.5,19.6,21.3,22,23.1,22,21.9,17.7,20681.56034,3289.931552,23971.49189,95543.80733,13180.13081,108723.9381,107521.7334,40201.47922,147723.2126,280418.6426
IIyear.MS64_TDR0.7_ebik0_eq1.csv,64,0.7,0,1,882458.96,527063.34,61.5,36.7,104206.6,9.29,9.82,8.8,9.6,6.84,10.31,4.9,132028.2,51924.6,108773.7,8.7,45363.1,213.11,37.4,0.014856047,1226015,4042520.5,23796.4,92.8,22.4,23.4,21.5,20.2,39.9,14.7,55.5,9044,8820,9590,63,1293.5,63.1,63,63.6,58.9,64.7,56.1,66.1,63.2,62.3,52.9,58.8,22.3,21.5,22,22.9,23.8,24.2,22.9,21.9,21.9,15365.98786,4778.762667,20144.75053,73099.17691,18372.95657,91472.13348,116219.419,86714.90374,202934.3227,314551.2067
IIyear.MS64_TDR0.7_ebik1_eq0.csv,64,0.7,1,0,864422.53,545099.77,60.3,38,122243.1,10.83,12.79,9.04,11.14,8.36,12.12,5.29,113306.8,33203.2,89624.7,7.1,26214.1,208.76,38.7,0.014552806,1226015,4030617.5,23994.8,90.2,22.3,23.3,21.4,20.1,39.4,14.7,55,8752,8543,9135,61,1248.5,68,54.6,61.3,59,62.9,52.8,65,59.9,59.5,51.4,59.7,22.2,21.7,21.4,22.9,23.2,23.4,23.9,23.3,18.7,14607.80763,3306.823357,17914.63099,71600.84,13117.69586,84718.53586,85042.40357,40676.32693,125718.7305,228351.8973
IIyear.MS64_TDR0.7_ebik1_eq1.csv,64,0.7,1,1,860198.67,549323.63,60,38.3,126466.9,11.1,12.15,10.14,11.42,8.61,12.41,5.47,114514.2,34410.6,90606.5,7.2,27195.9,207.74,39,0.014481701,1226015,4030618.5,23994.8,89.4,22.4,23.3,21.6,20.2,39.8,14.7,55.6,9162,8942,9590,63.9,1311.7,63.8,63.9,64.3,60.4,65.5,56.9,66.8,63.9,63.4,53.8,59.8,23,22.3,22.7,23.7,23.9,24.6,23.6,22.7,22.6,12526.0538,3768.4131,16294.4669,64036.90286,14269.17069,78306.07355,86608.96297,61936.38198,148545.3449,243145.8854
IIyear.MS64_TDR0.8_ebik0_eq0.csv,64,0.8,0,0,1030731.87,378790.43,71.9,26.4,96886,8.87,12.19,5.84,9.07,7.29,9.82,4.81,130389.5,50285.9,107130.4,8.5,43719.8,248.92,26.9,0.017352388,1401160,4512171.2,15968.9,96.4,22.3,23.5,21.2,20.1,39.6,14.7,55.2,8497,8284,9135,59.2,1209.2,67.2,52,59.5,56.9,61.3,50.5,63.2,58.1,57.7,50.5,57.6,20.5,20.1,19.4,21.4,21.7,23,22.3,21.7,16.9,22594.36673,3717.560374,26311.92711,103297.7106,14501.99792,117799.7086,111853.173,43483.52764,155336.7006,299448.3363
IIyear.MS64_TDR0.8_ebik0_eq1.csv,64,0.8,0,1,1017521,392001.3,70.9,27.3,110096.8,9.85,10.39,9.36,10.13,7.61,10.94,5.17,141164.1,61060.5,116256.1,9.3,52845.5,245.73,27.8,0.01713001,1401160,4563840.2,15107.7,101.7,22.3,23.3,21.4,20.1,39.8,14.7,55,9031,8804,9590,63,1291.5,62.7,63.2,63.4,59.1,64.6,56.2,65.4,63.8,62.4,53.6,58.2,22.2,21.2,22,23,24.6,23.2,22.4,22.1,21.9,16434.33518,5377.473193,21811.80838,77912.84765,19973.34226,97886.18991,127279.8524,94549.63376,221829.4862,341527.4845
IIyear.MS64_TDR0.8_ebik1_eq0.csv,64,0.8,1,0,994659.11,414863.19,69.3,28.9,132958.7,11.87,14.11,9.82,12.19,9.36,13.3,5.68,123497.9,43394.3,97693.6,7.8,34283,240.21,29.4,0.016745207,1401160,4556793.2,15225.2,99.1,22.3,23.4,21.2,20.1,39.6,14.7,54.8,8732,8510,9135,60.9,1245.5,68.1,54.3,61,59.7,63,51.8,65,59.8,59.1,51.3,60.9,22.4,22,21.6,23,23.7,24.5,24,23.6,19,16565.57654,3872.903552,20438.48009,78134.47615,14656.21125,92790.68741,96276.87666,46574.64978,142851.5264,256080.6939
IIyear.MS64_TDR0.8_ebik1_eq1.csv,64,0.8,1,1,991902.62,417619.68,69.1,29.1,135715.2,12.02,12.84,11.26,12.39,9.08,13.34,6.25,124235.8,44132.2,98308.6,7.8,34898,239.54,29.6,0.016698501,1401160,4551435.4,15314.5,97.9,22.4,23.4,21.5,20.2,39.7,14.8,55.4,9152,8932,9590,63.8,1310.2,63.9,63.7,64.3,59.6,65.4,57,66.4,64.4,63.2,54.4,59.3,23.1,22.3,23,23.8,24.7,24.4,23.5,23.1,22.6,14442.37632,4244.660288,18687.03661,67239.36216,15707.5863,82946.94846,97827.23156,67949.55885,165776.7904,267410.7755
IIyear.MS64_TDR0.9_ebik0_eq0.csv,64,0.9,0,0,1169478.54,240043.76,81.5,16.7,99091.5,9.19,12.8,5.9,9.42,7.4,10.15,5.07,137412.8,57309.2,112815.9,9,49405.3,282.43,17,0.019688393,1576305,5035676.9,7243.8,105.3,22.2,23.4,21.2,20,39.4,14.6,55,8467,8241,9135,59,1204.6,67.3,51.5,59.2,57.4,61,50.9,62.6,57.7,58.3,48.7,57.4,19.8,19.2,18.9,20.6,20.9,22,21.1,21,16.3,23547.87718,4013.163711,27561.04089,107255.314,15191.54545,122446.8595,119549.6824,44359.41881,163909.1012,313917.0016
IIyear.MS64_TDR0.9_ebik0_eq1.csv,64,0.9,0,1,1155347.98,254174.32,80.5,17.7,113222.1,10.3,10.75,9.88,10.61,7.88,11.37,5.67,149755,69651.4,123258.6,9.8,59848,279.02,18,0.01945068,1576305,5090817.9,6324.8,111.3,22.4,23.3,21.5,20.1,39.8,14.7,55.3,8951,8712,9590,62.4,1279.2,62.4,62.4,62.8,59.4,64,55.7,65.3,63.1,61.5,53,58.1,21.4,20.5,21.1,22.3,23.8,22.6,21.7,21.2,21.5,17172.38447,5864.688557,23037.07303,78571.86801,20343.53174,98915.39974,133253.5367,100672.944,233926.4808,355878.9535
IIyear.MS64_TDR0.9_ebik1_eq0.csv,64,0.9,1,0,1131946.97,277575.33,78.9,19.3,136623.1,12.16,14.22,10.28,12.51,9.5,13.6,5.97,129105,49001.4,102108,8.1,38697.4,273.37,19.7,0.019056814,1576305,5072789.6,6625.2,107.6,22.4,23.4,21.4,20.1,39.8,14.7,55.3,8728,8512,9135,60.8,1244.8,67.8,54.5,61.1,59,62.8,52.4,65.1,59.1,59.6,50.8,59.6,21.7,21.4,20.8,22.4,23.1,23,23.2,22.8,18.5,18663.18826,4221.391599,22884.57986,85433.24214,15529.71668,100962.9588,101641.056,46812.09109,148453.1471,272300.6858
IIyear.MS64_TDR0.9_ebik1_eq1.csv,64,0.9,1,1,1124708.49,284813.81,78.4,19.9,143861.6,12.77,13.57,12.04,13.18,9.58,14.21,6.55,132705.3,52601.7,104971.4,8.4,41560.8,271.62,20.2,0.01893482,1576305,5082841.5,6457.7,107.9,22.4,23.3,21.5,20.2,39.8,14.8,55.1,9109,8886,9590,63.5,1303.5,63.4,63.6,63.9,60.1,65.1,56.7,66.4,64,62.7,54.2,59.2,22.6,21.8,22.7,23.3,24.4,23.6,23.1,22.5,22.3,16058.44225,4669.151106,20727.59335,72830.54826,16613.72608,89444.27434,104684.9989,76541.21567,181226.2146,291398.0823
IIyear.MS64_TDR1_ebik0_eq0.csv,64,1,0,0,1306713.55,102808.75,91.1,7.2,102808.8,9.65,13.51,6.13,9.82,8.38,10.64,5.43,143624.7,63521.1,117932.4,9.4,54521.8,315.57,7.3,0.021998606,1751450,5537047,-1112.4,109.9,22.1,23.3,21.1,19.9,39.3,14.6,54.6,8424,8196,9135,58.7,1198,67,51.1,59,56.9,60.7,50.6,62.4,56.9,57.8,48.7,58.8,20,19.6,18.8,20.9,22.3,22.4,21.8,21.3,16.2,24173.42675,4347.369262,28520.79602,113335.8811,15150.85614,128486.7372,123324.6205,46117.00782,169441.6283,326449.1616
IIyear.MS64_TDR1_ebik0_eq1.csv,64,1,0,1,1289689.51,119832.79,89.9,8.4,119832.8,11.01,11.56,10.5,11.37,8.13,12.14,6.11,158442.4,78338.8,130461.8,10.4,67051.2,311.46,8.5,0.021712095,1751450,5601676,-2189.5,117.5,22.4,23.3,21.6,20.2,39.4,14.7,55.8,8997,8757,9590,62.7,1286.3,62.4,63,63.3,58.5,64.1,57,65,63.5,62.4,53,58.2,21.9,20.9,22,22.7,24.9,22.9,22,21.8,22,18337.95064,6173.468618,24511.41926,83498.59486,21489.55071,104988.1456,135633.1715,103289.1154,238922.2868,368421.8517
IIyear.MS64_TDR1_ebik1_eq0.csv,64,1,1,0,1260926,148596.3,87.9,10.4,148596.3,13.36,15.77,11.15,13.72,10.49,14.89,6.77,138277.9,58174.3,109346.7,8.7,45936.1,304.51,10.5,0.021227605,1751450,5593131,-2047.1,115,22.4,23.5,21.4,20.2,39.8,14.7,55.5,8712,8480,9135,60.7,1242.4,67.9,54.2,60.9,59.7,62.7,52.6,64.5,59.2,59.8,51.2,58.9,22.2,21.7,21.2,22.9,25,23.9,23.8,23.2,18.9,19479.52241,4702.759273,24182.28168,88039.20848,16797.49115,104836.6996,110013.0992,51929.8795,161942.9787,290961.96
IIyear.MS64_TDR1_ebik1_eq1.csv,64,1,1,1,1255611.2,153911.1,87.5,10.7,153911.1,13.81,14.94,12.77,14.22,10.62,15.38,7.05,140921.4,60817.8,111465.2,8.9,48054.6,303.23,10.9,0.021138376,1751450,5595765,-2091,114.8,22.4,23.3,21.5,20.1,39.8,14.6,55.7,9165,8940,9590,63.9,1312.2,64,63.8,64.2,61.4,65.4,57.5,66.3,64.7,63.2,55.6,59.7,23.1,22.1,23.1,23.8,25.7,24.1,23.6,22.8,22.8,17208.64037,5067.161537,22275.80191,78489.67695,17892.09982,96381.77677,109837.3728,78326.04504,188163.4178,306820.9965
IIyear.MS8_TDR0.7_ebik0_eq0.csv,8,0.7,0,0,948657.37,460864.93,66.1,32.1,38008.2,3.84,5.96,1.91,3.94,3.04,4.24,2.13,95037.3,14933.7,76599.7,6.1,13189.1,229.1,32.7,0.015970722,1226015,3915081.5,25920.4,89.3,21.9,23,20.8,19.7,38.9,14.5,53.7,3749,3281,3567,26.1,477.7,34.7,18.3,26.2,25.4,26.9,22.9,28.4,24.6,25.3,21.8,27.7,9.4,9.2,8.6,9.7,10.1,11.6,10.7,10.7,5.9,9620.052102,888.31305,10508.36515,42548.71044,4483.950994,47032.66143,34656.61161,8443.726188,43100.33779,100641.3644
IIyear.MS8_TDR0.7_ebik0_eq1.csv,8,0.7,0,1,947511.36,462010.94,66.1,32.2,39154.2,3.92,4.26,3.6,4.06,2.76,4.31,2.25,97061,16957.4,78309.8,6.2,14899.2,228.82,32.8,0.015951203,1226015,3929329.3,25682.9,93.6,21.9,22.9,21,19.8,39,14.4,54.1,3852,3358,3650,26.9,493.5,27.6,26.2,27.2,23.6,27.2,25.3,28.2,26.8,26.3,22.5,26.3,9.7,9.3,9.5,10,10.5,11.3,10,9.9,8.9,4774.130619,1561.118431,6335.249051,25431.37375,7071.082143,32502.45589,44542.58576,37628.65541,82171.24117,121008.9461
IIyear.MS8_TDR0.7_ebik1_eq0.csv,8,0.7,1,0,938195.76,471326.54,65.4,32.9,48469.8,4.7,6.55,3.01,4.86,3.46,5.23,2.43,90792.1,10688.5,71708.6,5.7,8298,226.57,33.4,0.015794353,1226015,3928133.1,25702.8,90.9,22,23,21,19.8,39,14.5,54.1,3819,3354,3567,26.6,488.4,35,19,26.7,25.8,27.3,23.8,29,25,25.7,22.1,28.4,9.8,9.7,9.1,10,10.7,11.9,11.1,11.3,6.3,6969.556204,1013.838954,7983.395158,32632.04255,4320.496497,36952.53904,32778.37309,8680.754206,41459.1273,86395.0615
IIyear.MS8_TDR0.7_ebik1_eq1.csv,8,0.7,1,1,939504.61,470017.69,65.5,32.8,47161,4.61,5.06,4.2,4.76,3.41,5.05,2.7,90312,10208.4,71336.4,5.7,7925.8,226.89,33.3,0.015816661,1226015,3924255.1,25767.5,89.9,22,22.9,21.2,19.8,39,14.4,54.4,3889,3399,3650,27.1,499.2,28,26.3,27.4,24.3,27.6,25.3,28.4,27.3,26.6,22.2,26.4,9.9,9.6,9.8,10.2,10.8,11.1,10.3,10.2,9.1,3736.587183,1219.658412,4956.245594,21819.8932,5264.009576,27083.90277,33968.79165,26541.36207,60510.15372,92550.30209
IIyear.MS8_TDR0.8_ebik0_eq0.csv,8,0.8,0,0,1087733.22,321789.08,75.8,22.4,39884.6,4.1,6.3,2.08,4.2,3.27,4.47,2.46,98702.2,18598.6,79611.7,6.3,16201.1,262.69,22.8,0.018312304,1401160,4443352.6,17115.9,96.8,21.9,23.1,20.9,19.8,38.9,14.4,54,3726,3259,3567,26,474.1,34.5,18.2,26.1,25,26.7,23,28.3,24.6,25.1,21.4,27.2,9.4,9.3,8.6,9.7,10.6,11.2,11,10.8,5.8,10530.10694,1024.88207,11554.98901,44486.03375,5184.705123,49670.73887,35384.72516,10335.94783,45720.67299,106946.4009
IIyear.MS8_TDR0.8_ebik0_eq1.csv,8,0.8,0,1,1086357.52,323164.78,75.7,22.5,41260.3,4.21,4.63,3.83,4.36,3.03,4.59,2.56,101391.5,21287.9,81867.4,6.5,18456.8,262.36,22.9,0.018289299,1401160,4458574.4,16862.2,101.4,21.9,22.9,21,19.8,38.8,14.4,54,3851,3358,3650,26.8,493.4,27.7,26.1,27.2,24.1,27.2,25.3,28.2,26.9,26.2,23,26.1,9.7,9.3,9.6,10,10.8,10.9,10,10,8.9,5612.797266,1801.902583,7414.699849,29948.92933,7821.410387,37770.33972,47678.53221,41136.43181,88814.96402,134000.0036
IIyear.MS8_TDR0.8_ebik1_eq0.csv,8,0.8,1,0,1074561.4,334960.9,74.9,23.4,53056.4,5.19,7.06,3.48,5.3,4.32,5.74,2.81,95497,15393.4,75467.4,6,12056.8,259.51,23.8,0.018090624,1401160,4463968.4,16772.3,100.7,22,23,21,19.8,38.9,14.5,54.2,3787,3324,3567,26.4,483.5,34.7,18.8,26.5,25.5,27.2,22.9,28.9,25,25.2,21.7,28.2,10,9.9,9.1,10.1,11.1,12.3,11.3,11.4,6.6,8038.840334,1120.087192,9158.927526,37906.96045,4733.633505,42640.59396,34363.18665,9268.88405,43632.0707,95431.59218
IIyear.MS8_TDR0.8_ebik1_eq1.csv,8,0.8,1,1,1076023.66,333498.64,75,23.2,51594.2,5.09,5.61,4.61,5.27,3.69,5.59,2.92,94979.8,14876.2,75066.1,6,11655.5,259.86,23.7,0.018115023,1401160,4453834.2,16941.2,97.4,21.9,22.9,21,19.7,39,14.4,54.3,3898,3412,3650,27.2,500.6,27.9,26.5,27.5,24.4,27.6,25.5,28.6,27.2,26.5,23.2,26.7,10.1,9.6,10.1,10.3,10.8,11.8,10.4,10.5,9.2,4795.086285,1414.635258,6209.721543,26660.74255,5993.693895,32654.43644,38831.63412,29418.44229,68250.07642,107114.2344
IIyear.MS8_TDR0.9_ebik0_eq0.csv,8,0.9,0,0,1227030.89,182491.41,85.5,12.7,41539.2,4.34,6.74,2.13,4.44,3.5,4.76,2.52,102448.4,22344.8,82681.9,6.6,19271.3,296.33,12.9,0.020657372,1576305,4974933.5,8256.2,105.3,22,23.1,20.9,19.8,39,14.5,54,3707,3242,3567,25.8,471.2,34.2,18.2,25.9,25,26.5,22.9,28.1,24.4,25,21.3,27.3,9.2,9,8.3,9.6,10.2,11.3,10.7,10.5,5.7,11607.75036,1152.91703,12760.66739,47990.40228,5060.567602,53050.96989,39795.73494,10799.76115,50595.4961,116407.1334
IIyear.MS8_TDR0.9_ebik0_eq1.csv,8,0.9,0,1,1225724.74,183797.56,85.4,12.8,42845.3,4.44,4.91,4,4.59,3.2,4.82,2.78,104885.7,24782.1,84734.5,6.7,21323.9,296.01,13,0.020635064,1576305,4991780.6,7975.4,111,22,23,21,19.7,39.3,14.4,54.1,3835,3349,3650,26.7,490.9,27.5,26,27.1,23.8,27,25.6,28.2,26.7,26.2,22.6,25.4,9.4,9,9.3,9.6,10.5,10.5,9.8,9.6,8.6,6310.014556,1864.978762,8174.993317,30725.53691,8030.690927,38756.22784,49480.23548,43555.71058,93035.94605,139967.1672
IIyear.MS8_TDR0.9_ebik1_eq0.csv,8,0.9,1,0,1213839.46,195682.84,84.6,13.6,54730.6,5.41,7.59,3.41,5.54,4.31,5.97,2.97,98478.1,18374.5,77817.4,6.2,14406.8,293.14,13.9,0.020434995,1576305,4996505.8,7896.6,110.5,22,23.2,21,19.8,39.1,14.5,54.4,3757,3290,3567,26.2,478.9,34.5,18.6,26.3,25.3,26.9,23.1,28.5,24.8,25.3,20.4,28.6,9.6,9.5,9,9.9,9.9,11.6,11,11.1,6.1,9068.557223,1236.324897,10304.88212,41250.72013,5225.520343,46476.24048,37974.90252,10270.02861,48244.93112,105026.0537
IIyear.MS8_TDR0.9_ebik1_eq1.csv,8,0.9,1,1,1214386.58,195135.72,84.7,13.6,54183.5,5.4,6.06,4.8,5.6,3.78,5.92,3.16,98557.4,18453.8,77893.6,6.2,14483,293.27,13.8,0.020444057,1576305,4990198.2,8001.8,108,21.9,22.9,21,19.7,39.1,14.5,53.7,3877,3390,3650,27,497.4,27.9,26.2,27.3,24.4,27.4,25.6,28.3,27,26.5,23.4,26.5,9.8,9.5,9.7,9.9,10.6,11.4,10.3,10.1,8.9,5276.179596,1614.30552,6890.485116,28048.33623,6631.703974,34680.04021,40630.97748,33412.00326,74042.98074,115613.5061
IIyear.MS8_TDR1_ebik0_eq0.csv,8,1,0,0,1366233.21,43289.09,95.2,3,43289.1,4.63,7.28,2.2,4.72,3.88,5.04,2.84,105797.9,25694.3,85460.4,6.8,22049.8,329.95,3.1,0.023001046,1751450,5500068,-496.1,110.8,21.9,23,20.9,19.7,39.1,14.5,53.9,3674,3205,3567,25.6,466.1,34.3,17.6,25.7,25.1,26.4,22.4,27.8,23.9,24.6,21.4,28.3,9.3,9.1,8.4,9.7,10.6,11.7,10.7,10.8,5.5,12343.13314,1297.618351,13640.7515,51386.0958,5502.481299,56888.57709,40259.82396,8835.275072,49095.09903,119624.4276
IIyear.MS8_TDR1_ebik0_eq1.csv,8,1,0,1,1365229.03,44293.27,95.2,3.1,44293.3,4.68,5.22,4.18,4.85,3.29,5.07,2.98,107930.5,27826.9,87257.6,6.9,23847,329.7,3.1,0.022983618,1751450,5515601,-755,116.2,22,22.8,21.2,19.8,39.1,14.5,54.2,3824,3329,3650,26.7,489.2,27.3,26.1,27,23.8,27,25.4,27.9,26.9,26.1,23.1,25.6,9.5,9,9.5,9.8,11.2,10.9,9.8,9.9,8.6,6844.076826,2070.472399,8914.549224,32324.35497,8382.639416,40706.99438,52729.01689,43314.86426,96043.88114,145665.4248
IIyear.MS8_TDR1_ebik1_eq0.csv,8,1,1,0,1350400.25,59122.05,94.1,4.1,59122.1,5.87,8.03,3.9,6.03,4.56,6.49,3.23,102230.2,22126.6,80831.4,6.4,17420.8,326.12,4.2,0.022734054,1751450,5522493,-869.8,116.4,21.9,22.9,21,19.7,39.1,14.4,54,3784,3325,3567,26.4,483.1,34.7,18.8,26.5,25.6,27.1,23.3,28.8,24.7,25.4,21.8,28.2,9.9,9.7,9.4,10,11.1,11.8,11.2,11.3,6.5,9514.139093,1469.729764,10983.86886,42868.93346,5489.408826,48358.34229,39681.15828,12566.19606,52247.35434,111589.5655
IIyear.MS8_TDR1_ebik1_eq1.csv,8,1,1,1,1351742.56,57779.74,94.2,4,57779.7,5.79,6.37,5.26,5.98,4.27,6.35,3.34,102283.1,22179.5,80886,6.4,17475.4,326.45,4.1,0.022757058,1751450,5517885,-793,114.9,21.9,22.9,21,19.7,39.1,14.4,54,3892,3403,3650,27.1,499.7,27.9,26.4,27.5,24.3,27.5,25.7,28.5,26.9,26.7,23,26.4,10,9.6,9.8,10.2,11.2,11.2,10.4,10.3,9.1,5838.651847,1672.963854,7511.6157,29403.02034,6845.587528,36248.60787,43798.24649,33702.22798,77500.47447,121260.698
